2026-07-21 20:06:18  INFO     === reconstruct_walls started ===
2026-07-21 20:06:18  INFO     input:  data\parsed.json
2026-07-21 20:06:18  INFO     output: data\output.json
2026-07-21 20:06:18  INFO     tolerance: 10.00 mm
2026-07-21 20:06:18  INFO     Loaded 759 walls, 16 doors, 0 windows
2026-07-21 20:06:18  INFO     --- Step 1: snap_endpoints (tolerance=10.00 mm) ---
2026-07-21 20:06:50  DEBUG      snap wall 1A1 endpoint (46419.555,-256630.693) -> (46419.564,-256673.193)  dist=42.500 mm
2026-07-21 20:06:50  DEBUG      snap wall 1A2 endpoint (46419.555,-256630.693) -> (46419.564,-256673.193)  dist=42.500 mm
2026-07-21 20:06:50  DEBUG      snap wall 1A5 endpoint (46419.258,-255330.693) -> (46419.248,-255288.193)  dist=42.500 mm
2026-07-21 20:06:50  DEBUG      snap wall 1A8 endpoint (46419.258,-255330.693) -> (46419.248,-255288.193)  dist=42.500 mm
2026-07-21 20:06:50  DEBUG      snap wall 216 endpoint (47817.338,-246930.374) -> (47817.338,-246929.732)  dist=0.642 mm
2026-07-21 20:06:50  DEBUG      snap wall 217 endpoint (47817.338,-246930.374) -> (47817.338,-246929.732)  dist=0.642 mm
2026-07-21 20:06:50  DEBUG      snap wall 217 endpoint (47817.270,-246630.374) -> (47817.305,-246658.781)  dist=28.407 mm
2026-07-21 20:06:50  DEBUG      snap wall 218 endpoint (47817.270,-246630.374) -> (47817.305,-246658.781)  dist=28.407 mm
2026-07-21 20:06:50  DEBUG      snap wall 219 endpoint (50617.338,-246929.734) -> (50617.338,-246929.092)  dist=0.642 mm
2026-07-21 20:06:50  DEBUG      snap wall 21A endpoint (50617.338,-246929.734) -> (50617.338,-246929.092)  dist=0.642 mm
2026-07-21 20:06:50  DEBUG      snap wall 21A endpoint (50617.270,-246629.734) -> (50617.305,-246658.135)  dist=28.402 mm
2026-07-21 20:06:50  DEBUG      snap wall 21B endpoint (50617.270,-246629.734) -> (50617.305,-246658.135)  dist=28.402 mm
2026-07-21 20:06:50  DEBUG      snap wall 21D endpoint (53417.338,-246929.094) -> (53417.338,-246928.452)  dist=0.642 mm
2026-07-21 20:06:50  DEBUG      snap wall 21E endpoint (53417.338,-246929.094) -> (53417.338,-246928.452)  dist=0.642 mm
2026-07-21 20:06:50  DEBUG      snap wall 21E endpoint (53417.270,-246629.094) -> (53417.305,-246657.499)  dist=28.405 mm
2026-07-21 20:06:50  DEBUG      snap wall 21F endpoint (53417.270,-246629.094) -> (53417.305,-246657.499)  dist=28.405 mm
2026-07-21 20:06:50  DEBUG      snap wall 221 endpoint (56217.338,-246928.454) -> (56217.338,-246927.813)  dist=0.642 mm
2026-07-21 20:06:50  DEBUG      snap wall 222 endpoint (56217.338,-246928.454) -> (56217.338,-246927.813)  dist=0.642 mm
2026-07-21 20:06:50  DEBUG      snap wall 222 endpoint (56217.270,-246628.454) -> (56217.305,-246656.859)  dist=28.405 mm
2026-07-21 20:06:50  DEBUG      snap wall 223 endpoint (56217.270,-246628.454) -> (56217.305,-246656.859)  dist=28.405 mm
2026-07-21 20:06:50  DEBUG      snap wall 226 endpoint (59017.338,-246927.815) -> (59017.338,-246927.173)  dist=0.642 mm
2026-07-21 20:06:50  DEBUG      snap wall 227 endpoint (59017.338,-246927.815) -> (59017.338,-246927.173)  dist=0.642 mm
2026-07-21 20:06:50  DEBUG      snap wall 227 endpoint (59017.269,-246627.815) -> (59017.305,-246656.218)  dist=28.403 mm
2026-07-21 20:06:50  DEBUG      snap wall 228 endpoint (59017.269,-246627.815) -> (59017.305,-246656.218)  dist=28.403 mm
2026-07-21 20:06:50  DEBUG      snap wall 22A endpoint (61817.338,-246927.175) -> (61817.338,-246926.533)  dist=0.642 mm
2026-07-21 20:06:50  DEBUG      snap wall 22B endpoint (61817.338,-246927.175) -> (61817.338,-246926.533)  dist=0.642 mm
2026-07-21 20:06:50  DEBUG      snap wall 22B endpoint (61817.269,-246627.175) -> (61817.305,-246655.580)  dist=28.405 mm
2026-07-21 20:06:50  DEBUG      snap wall 22C endpoint (61817.269,-246627.175) -> (61817.305,-246655.580)  dist=28.405 mm
2026-07-21 20:06:50  DEBUG      snap wall 22E endpoint (64617.338,-246926.535) -> (64617.338,-246925.893)  dist=0.642 mm
2026-07-21 20:06:50  DEBUG      snap wall 22F endpoint (64617.338,-246926.535) -> (64617.338,-246925.893)  dist=0.642 mm
2026-07-21 20:06:50  DEBUG      snap wall 22F endpoint (64617.269,-246626.535) -> (64617.305,-246654.940)  dist=28.405 mm
2026-07-21 20:06:50  DEBUG      snap wall 230 endpoint (64617.269,-246626.535) -> (64617.305,-246654.940)  dist=28.405 mm
2026-07-21 20:06:50  DEBUG      snap wall 232 endpoint (67417.338,-246925.895) -> (67417.338,-246925.254)  dist=0.642 mm
2026-07-21 20:06:50  DEBUG      snap wall 233 endpoint (67417.338,-246925.895) -> (67417.338,-246925.254)  dist=0.642 mm
2026-07-21 20:06:50  DEBUG      snap wall 233 endpoint (67417.269,-246625.895) -> (67417.305,-246654.300)  dist=28.404 mm
2026-07-21 20:06:50  DEBUG      snap wall 234 endpoint (67417.269,-246625.895) -> (67417.305,-246654.300)  dist=28.404 mm
2026-07-21 20:06:50  DEBUG      snap wall 236 endpoint (70117.338,-246925.278) -> (70117.338,-246924.637)  dist=0.642 mm
2026-07-21 20:06:50  DEBUG      snap wall 237 endpoint (70117.338,-246925.278) -> (70117.338,-246924.637)  dist=0.642 mm
2026-07-21 20:06:50  DEBUG      snap wall 237 endpoint (70117.269,-246625.278) -> (70117.304,-246653.686)  dist=28.407 mm
2026-07-21 20:06:50  DEBUG      snap wall 238 endpoint (70117.269,-246625.278) -> (70117.304,-246653.686)  dist=28.407 mm
2026-07-21 20:06:50  DEBUG      snap wall 23A endpoint (73017.338,-246924.616) -> (73017.337,-246923.974)  dist=0.642 mm
2026-07-21 20:06:50  DEBUG      snap wall 23B endpoint (73017.338,-246924.616) -> (73017.337,-246923.974)  dist=0.642 mm
2026-07-21 20:06:50  DEBUG      snap wall 23B endpoint (73017.269,-246624.616) -> (73017.304,-246653.020)  dist=28.405 mm
2026-07-21 20:06:50  DEBUG      snap wall 23C endpoint (73017.269,-246624.616) -> (73017.304,-246653.020)  dist=28.405 mm
2026-07-21 20:06:50  DEBUG      snap wall 23E endpoint (75817.338,-246923.976) -> (75817.337,-246923.334)  dist=0.642 mm
2026-07-21 20:06:50  DEBUG      snap wall 23F endpoint (75817.338,-246923.976) -> (75817.337,-246923.334)  dist=0.642 mm
2026-07-21 20:06:50  DEBUG      snap wall 23F endpoint (75817.269,-246623.976) -> (75817.304,-246652.381)  dist=28.405 mm
2026-07-21 20:06:50  DEBUG      snap wall 240 endpoint (75817.269,-246623.976) -> (75817.304,-246652.381)  dist=28.405 mm
2026-07-21 20:06:50  DEBUG      snap wall 242 endpoint (81417.337,-246922.696) -> (81417.337,-246922.055)  dist=0.642 mm
2026-07-21 20:06:50  DEBUG      snap wall 243 endpoint (81417.337,-246922.696) -> (81417.337,-246922.055)  dist=0.642 mm
2026-07-21 20:06:50  DEBUG      snap wall 243 endpoint (81417.269,-246622.696) -> (81417.304,-246651.102)  dist=28.405 mm
2026-07-21 20:06:50  DEBUG      snap wall 244 endpoint (81417.269,-246622.696) -> (81417.304,-246651.102)  dist=28.405 mm
2026-07-21 20:06:50  DEBUG      snap wall 246 endpoint (84217.337,-246922.057) -> (84217.337,-246921.415)  dist=0.642 mm
2026-07-21 20:06:50  DEBUG      snap wall 247 endpoint (84217.337,-246922.057) -> (84217.337,-246921.415)  dist=0.642 mm
2026-07-21 20:06:50  DEBUG      snap wall 247 endpoint (84217.269,-246622.057) -> (84217.304,-246650.464)  dist=28.407 mm
2026-07-21 20:06:50  DEBUG      snap wall 248 endpoint (84217.269,-246622.057) -> (84217.304,-246650.464)  dist=28.407 mm
2026-07-21 20:06:50  DEBUG      snap wall 24A endpoint (87017.337,-246921.417) -> (87017.337,-246920.775)  dist=0.642 mm
2026-07-21 20:06:50  DEBUG      snap wall 24B endpoint (87017.337,-246921.417) -> (87017.337,-246920.775)  dist=0.642 mm
2026-07-21 20:06:50  DEBUG      snap wall 24B endpoint (87017.269,-246621.417) -> (87017.304,-246649.822)  dist=28.405 mm
2026-07-21 20:06:50  DEBUG      snap wall 24C endpoint (87017.269,-246621.417) -> (87017.304,-246649.822)  dist=28.405 mm
2026-07-21 20:06:50  DEBUG      snap wall 250 endpoint (93772.346,-246919.874) -> (93772.345,-246919.236)  dist=0.637 mm
2026-07-21 20:06:50  DEBUG      snap wall 251 endpoint (93772.346,-246919.874) -> (93772.345,-246919.236)  dist=0.637 mm
2026-07-21 20:06:50  DEBUG      snap wall 251 endpoint (93772.277,-246619.874) -> (93807.357,-246619.865)  dist=35.080 mm
2026-07-21 20:06:50  DEBUG      snap wall 252 endpoint (93772.277,-246619.874) -> (93807.357,-246619.865)  dist=35.080 mm
2026-07-21 20:06:50  DEBUG      snap wall 254 endpoint (95702.346,-246919.433) -> (95702.345,-246918.795)  dist=0.637 mm
2026-07-21 20:06:50  DEBUG      snap wall 255 endpoint (103017.351,-246917.761) -> (103017.351,-246917.120)  dist=0.641 mm
2026-07-21 20:06:50  DEBUG      snap wall 256 endpoint (103017.351,-246917.761) -> (103017.351,-246917.120)  dist=0.641 mm
2026-07-21 20:06:50  DEBUG      snap wall 256 endpoint (103017.282,-246617.761) -> (103017.315,-246646.169)  dist=28.407 mm
2026-07-21 20:06:50  DEBUG      snap wall 257 endpoint (103017.282,-246617.761) -> (103017.315,-246646.169)  dist=28.407 mm
2026-07-21 20:06:50  DEBUG      snap wall 257 endpoint (95702.277,-246619.433) -> (95702.283,-246647.840)  dist=28.407 mm
2026-07-21 20:06:50  DEBUG      snap wall 258 endpoint (95702.277,-246619.433) -> (95702.283,-246647.840)  dist=28.407 mm
2026-07-21 20:06:50  DEBUG      snap wall 258 endpoint (95702.346,-246919.433) -> (95702.345,-246918.795)  dist=0.637 mm
2026-07-21 20:06:50  DEBUG      snap wall 259 endpoint (108617.351,-246916.482) -> (108617.351,-246915.840)  dist=0.641 mm
2026-07-21 20:06:50  DEBUG      snap wall 25A endpoint (108617.351,-246916.482) -> (108617.351,-246915.840)  dist=0.641 mm
2026-07-21 20:06:50  DEBUG      snap wall 25A endpoint (108617.282,-246616.482) -> (108617.315,-246644.887)  dist=28.405 mm
2026-07-21 20:06:50  DEBUG      snap wall 25B endpoint (108617.282,-246616.482) -> (108617.315,-246644.887)  dist=28.405 mm
2026-07-21 20:06:50  DEBUG      snap wall 25D endpoint (111417.351,-246915.842) -> (111417.351,-246915.201)  dist=0.641 mm
2026-07-21 20:06:50  DEBUG      snap wall 25E endpoint (111417.351,-246915.842) -> (111417.351,-246915.201)  dist=0.641 mm
2026-07-21 20:06:50  DEBUG      snap wall 25E endpoint (111417.282,-246615.842) -> (111417.315,-246644.247)  dist=28.405 mm
2026-07-21 20:06:50  DEBUG      snap wall 25F endpoint (111417.282,-246615.842) -> (111417.315,-246644.247)  dist=28.405 mm
2026-07-21 20:06:50  DEBUG      snap wall 261 endpoint (117017.351,-246914.562) -> (117017.350,-246913.921)  dist=0.641 mm
2026-07-21 20:06:50  DEBUG      snap wall 262 endpoint (117017.351,-246914.562) -> (117017.350,-246913.921)  dist=0.641 mm
2026-07-21 20:06:50  DEBUG      snap wall 262 endpoint (117017.282,-246614.562) -> (117017.315,-246642.968)  dist=28.406 mm
2026-07-21 20:06:50  DEBUG      snap wall 263 endpoint (117017.282,-246614.562) -> (117017.315,-246642.968)  dist=28.406 mm
2026-07-21 20:06:50  DEBUG      snap wall 265 endpoint (119817.351,-246913.923) -> (119817.350,-246913.281)  dist=0.641 mm
2026-07-21 20:06:50  DEBUG      snap wall 266 endpoint (119817.351,-246913.923) -> (119817.350,-246913.281)  dist=0.641 mm
2026-07-21 20:06:50  DEBUG      snap wall 266 endpoint (119817.282,-246613.923) -> (119817.315,-246642.328)  dist=28.405 mm
2026-07-21 20:06:50  DEBUG      snap wall 267 endpoint (119817.282,-246613.923) -> (119817.315,-246642.328)  dist=28.405 mm
2026-07-21 20:06:50  DEBUG      snap wall 269 endpoint (122717.350,-246913.260) -> (122717.350,-246912.613)  dist=0.647 mm
2026-07-21 20:06:50  DEBUG      snap wall 26A endpoint (122717.350,-246913.260) -> (122717.350,-246912.613)  dist=0.647 mm
2026-07-21 20:06:50  DEBUG      snap wall 26A endpoint (122717.282,-246613.260) -> (122717.315,-246641.667)  dist=28.407 mm
2026-07-21 20:06:50  DEBUG      snap wall 26B endpoint (122717.282,-246613.260) -> (122717.315,-246641.667)  dist=28.407 mm
2026-07-21 20:06:50  DEBUG      snap wall 26D endpoint (125417.349,-246912.643) -> (125417.349,-246912.002)  dist=0.641 mm
2026-07-21 20:06:50  DEBUG      snap wall 26E endpoint (125417.349,-246912.643) -> (125417.349,-246912.002)  dist=0.641 mm
2026-07-21 20:06:50  DEBUG      snap wall 26E endpoint (125417.280,-246612.643) -> (125417.314,-246641.048)  dist=28.405 mm
2026-07-21 20:06:50  DEBUG      snap wall 26F endpoint (125417.280,-246612.643) -> (125417.314,-246641.048)  dist=28.405 mm
2026-07-21 20:06:50  DEBUG      snap wall 271 endpoint (128217.350,-246912.003) -> (128217.350,-246911.362)  dist=0.641 mm
2026-07-21 20:06:50  DEBUG      snap wall 272 endpoint (128217.350,-246912.003) -> (128217.350,-246911.362)  dist=0.641 mm
2026-07-21 20:06:50  DEBUG      snap wall 272 endpoint (128217.282,-246612.003) -> (128217.315,-246640.409)  dist=28.405 mm
2026-07-21 20:06:50  DEBUG      snap wall 273 endpoint (128217.282,-246612.003) -> (128217.315,-246640.409)  dist=28.405 mm
2026-07-21 20:06:50  DEBUG      snap wall 275 endpoint (131017.350,-246911.364) -> (131017.350,-246910.722)  dist=0.641 mm
2026-07-21 20:06:50  DEBUG      snap wall 276 endpoint (131017.350,-246911.364) -> (131017.350,-246910.722)  dist=0.641 mm
2026-07-21 20:06:50  DEBUG      snap wall 276 endpoint (131017.282,-246611.364) -> (131017.315,-246639.767)  dist=28.404 mm
2026-07-21 20:06:50  DEBUG      snap wall 277 endpoint (131017.282,-246611.364) -> (131017.315,-246639.767)  dist=28.404 mm
2026-07-21 20:06:50  DEBUG      snap wall 27D endpoint (131017.350,-246911.364) -> (131017.350,-246910.722)  dist=0.641 mm
2026-07-21 20:06:50  DEBUG      snap wall 27E endpoint (128217.350,-246912.003) -> (128217.350,-246911.362)  dist=0.641 mm
2026-07-21 20:06:50  DEBUG      snap wall 27F endpoint (125417.349,-246912.643) -> (125417.349,-246912.002)  dist=0.641 mm
2026-07-21 20:06:50  DEBUG      snap wall 280 endpoint (122717.350,-246913.260) -> (122717.350,-246912.613)  dist=0.647 mm
2026-07-21 20:06:50  DEBUG      snap wall 281 endpoint (119817.351,-246913.923) -> (119817.350,-246913.281)  dist=0.641 mm
2026-07-21 20:06:50  DEBUG      snap wall 282 endpoint (117017.351,-246914.562) -> (117017.350,-246913.921)  dist=0.641 mm
2026-07-21 20:06:50  DEBUG      snap wall 283 endpoint (111417.351,-246915.842) -> (111417.351,-246915.201)  dist=0.641 mm
2026-07-21 20:06:50  DEBUG      snap wall 284 endpoint (108617.351,-246916.482) -> (108617.351,-246915.840)  dist=0.641 mm
2026-07-21 20:06:50  DEBUG      snap wall 285 endpoint (103017.351,-246917.761) -> (103017.351,-246917.120)  dist=0.641 mm
2026-07-21 20:06:50  DEBUG      snap wall 286 endpoint (95702.346,-246919.433) -> (95702.345,-246918.795)  dist=0.637 mm
2026-07-21 20:06:50  DEBUG      snap wall 286 endpoint (93772.346,-246919.874) -> (93772.345,-246919.236)  dist=0.637 mm
2026-07-21 20:06:50  DEBUG      snap wall 287 endpoint (87017.337,-246921.417) -> (87017.337,-246920.775)  dist=0.642 mm
2026-07-21 20:06:50  DEBUG      snap wall 288 endpoint (84217.337,-246922.057) -> (84217.337,-246921.415)  dist=0.642 mm
2026-07-21 20:06:50  DEBUG      snap wall 289 endpoint (81417.337,-246922.696) -> (81417.337,-246922.055)  dist=0.642 mm
2026-07-21 20:06:50  DEBUG      snap wall 28A endpoint (75817.338,-246923.976) -> (75817.337,-246923.334)  dist=0.642 mm
2026-07-21 20:06:50  DEBUG      snap wall 28B endpoint (73017.338,-246924.616) -> (73017.337,-246923.974)  dist=0.642 mm
2026-07-21 20:06:50  DEBUG      snap wall 28C endpoint (70117.338,-246925.278) -> (70117.338,-246924.637)  dist=0.642 mm
2026-07-21 20:06:50  DEBUG      snap wall 28D endpoint (67417.338,-246925.895) -> (67417.338,-246925.254)  dist=0.642 mm
2026-07-21 20:06:50  DEBUG      snap wall 28E endpoint (64617.338,-246926.535) -> (64617.338,-246925.893)  dist=0.642 mm
2026-07-21 20:06:50  DEBUG      snap wall 28F endpoint (61817.338,-246927.175) -> (61817.338,-246926.533)  dist=0.642 mm
2026-07-21 20:06:50  DEBUG      snap wall 290 endpoint (59017.338,-246927.815) -> (59017.338,-246927.173)  dist=0.642 mm
2026-07-21 20:06:50  DEBUG      snap wall 291 endpoint (56217.338,-246928.454) -> (56217.338,-246927.813)  dist=0.642 mm
2026-07-21 20:06:50  DEBUG      snap wall 292 endpoint (53417.338,-246929.094) -> (53417.338,-246928.452)  dist=0.642 mm
2026-07-21 20:06:50  DEBUG      snap wall 293 endpoint (50617.338,-246929.734) -> (50617.338,-246929.092)  dist=0.642 mm
2026-07-21 20:06:50  DEBUG      snap wall 294 endpoint (47817.338,-246930.374) -> (47817.338,-246929.732)  dist=0.642 mm
2026-07-21 20:06:50  DEBUG      snap wall 295 endpoint (95702.290,-246676.247) -> (95702.283,-246647.840)  dist=28.407 mm
2026-07-21 20:06:50  DEBUG      snap wall 296 endpoint (95702.345,-246916.247) -> (95702.345,-246918.795)  dist=2.548 mm
2026-07-21 20:06:50  DEBUG      snap wall 296 endpoint (95702.346,-246919.433) -> (95702.345,-246918.795)  dist=0.637 mm
2026-07-21 20:06:50  DEBUG      snap wall 297 endpoint (93772.346,-246919.874) -> (93772.345,-246919.236)  dist=0.637 mm
2026-07-21 20:06:50  DEBUG      snap wall 297 endpoint (93772.345,-246916.688) -> (93772.345,-246919.236)  dist=2.548 mm
2026-07-21 20:06:50  DEBUG      snap wall 29A endpoint (128217.295,-246668.814) -> (128217.315,-246640.409)  dist=28.405 mm
2026-07-21 20:06:50  DEBUG      snap wall 29B endpoint (128217.350,-246908.797) -> (128217.350,-246911.362)  dist=2.565 mm
2026-07-21 20:06:50  DEBUG      snap wall 29B endpoint (128217.350,-246912.003) -> (128217.350,-246911.362)  dist=0.641 mm
2026-07-21 20:06:50  DEBUG      snap wall 29D endpoint (122717.295,-246670.075) -> (122717.315,-246641.667)  dist=28.407 mm
2026-07-21 20:06:50  DEBUG      snap wall 29E endpoint (122717.350,-246910.027) -> (122717.350,-246912.613)  dist=2.587 mm
2026-07-21 20:06:50  DEBUG      snap wall 29E endpoint (122717.350,-246913.260) -> (122717.350,-246912.613)  dist=0.647 mm
2026-07-21 20:06:50  DEBUG      snap wall 2A0 endpoint (119817.295,-246670.733) -> (119817.315,-246642.328)  dist=28.405 mm
2026-07-21 20:06:50  DEBUG      snap wall 2A1 endpoint (119817.350,-246910.716) -> (119817.350,-246913.281)  dist=2.565 mm
2026-07-21 20:06:50  DEBUG      snap wall 2A1 endpoint (119817.351,-246913.923) -> (119817.350,-246913.281)  dist=0.641 mm
2026-07-21 20:06:50  DEBUG      snap wall 2A3 endpoint (111417.295,-246672.652) -> (111417.315,-246644.247)  dist=28.405 mm
2026-07-21 20:06:50  DEBUG      snap wall 2A4 endpoint (111417.350,-246912.636) -> (111417.351,-246915.201)  dist=2.565 mm
2026-07-21 20:06:50  DEBUG      snap wall 2A4 endpoint (111417.351,-246915.842) -> (111417.351,-246915.201)  dist=0.641 mm
2026-07-21 20:06:50  DEBUG      snap wall 2A6 endpoint (87017.282,-246678.227) -> (87017.304,-246649.822)  dist=28.405 mm
2026-07-21 20:06:50  DEBUG      snap wall 2A7 endpoint (87017.337,-246918.209) -> (87017.337,-246920.775)  dist=2.566 mm
2026-07-21 20:06:50  DEBUG      snap wall 2A7 endpoint (87017.337,-246921.417) -> (87017.337,-246920.775)  dist=0.642 mm
2026-07-21 20:06:50  DEBUG      snap wall 2A9 endpoint (81417.282,-246679.507) -> (81417.304,-246651.102)  dist=28.405 mm
2026-07-21 20:06:50  DEBUG      snap wall 2AA endpoint (81417.337,-246919.489) -> (81417.337,-246922.055)  dist=2.566 mm
2026-07-21 20:06:50  DEBUG      snap wall 2AA endpoint (81417.337,-246922.696) -> (81417.337,-246922.055)  dist=0.642 mm
2026-07-21 20:06:50  DEBUG      snap wall 2AC endpoint (75817.338,-246923.976) -> (75817.337,-246923.334)  dist=0.642 mm
2026-07-21 20:06:50  DEBUG      snap wall 2AC endpoint (75817.337,-246920.768) -> (75817.337,-246923.334)  dist=2.566 mm
2026-07-21 20:06:50  DEBUG      snap wall 2AD endpoint (75817.282,-246680.786) -> (75817.304,-246652.381)  dist=28.405 mm
2026-07-21 20:06:50  DEBUG      snap wall 2AF endpoint (73017.282,-246681.425) -> (73017.304,-246653.020)  dist=28.405 mm
2026-07-21 20:06:50  DEBUG      snap wall 2B0 endpoint (73017.337,-246921.408) -> (73017.337,-246923.974)  dist=2.567 mm
2026-07-21 20:06:50  DEBUG      snap wall 2B0 endpoint (73017.338,-246924.616) -> (73017.337,-246923.974)  dist=0.642 mm
2026-07-21 20:06:50  DEBUG      snap wall 2B2 endpoint (67417.282,-246682.704) -> (67417.305,-246654.300)  dist=28.404 mm
2026-07-21 20:06:50  DEBUG      snap wall 2B3 endpoint (67417.337,-246922.687) -> (67417.338,-246925.254)  dist=2.567 mm
2026-07-21 20:06:50  DEBUG      snap wall 2B3 endpoint (67417.338,-246925.895) -> (67417.338,-246925.254)  dist=0.642 mm
2026-07-21 20:06:50  DEBUG      snap wall 2B5 endpoint (64617.282,-246683.345) -> (64617.305,-246654.940)  dist=28.405 mm
2026-07-21 20:06:50  DEBUG      snap wall 2B6 endpoint (64617.337,-246923.327) -> (64617.338,-246925.893)  dist=2.566 mm
2026-07-21 20:06:50  DEBUG      snap wall 2B6 endpoint (64617.338,-246926.535) -> (64617.338,-246925.893)  dist=0.642 mm
2026-07-21 20:06:50  DEBUG      snap wall 2B8 endpoint (59017.282,-246684.621) -> (59017.305,-246656.218)  dist=28.403 mm
2026-07-21 20:06:50  DEBUG      snap wall 2B9 endpoint (59017.337,-246924.606) -> (59017.338,-246927.173)  dist=2.567 mm
2026-07-21 20:06:50  DEBUG      snap wall 2B9 endpoint (59017.338,-246927.815) -> (59017.338,-246927.173)  dist=0.642 mm
2026-07-21 20:06:50  DEBUG      snap wall 2BB endpoint (56217.283,-246685.264) -> (56217.305,-246656.859)  dist=28.405 mm
2026-07-21 20:06:50  DEBUG      snap wall 2BC endpoint (56217.337,-246925.246) -> (56217.338,-246927.813)  dist=2.566 mm
2026-07-21 20:06:50  DEBUG      snap wall 2BC endpoint (56217.338,-246928.454) -> (56217.338,-246927.813)  dist=0.642 mm
2026-07-21 20:06:50  DEBUG      snap wall 2BE endpoint (50617.283,-246686.537) -> (50617.305,-246658.135)  dist=28.402 mm
2026-07-21 20:06:50  DEBUG      snap wall 2BF endpoint (50617.337,-246926.526) -> (50617.338,-246929.092)  dist=2.567 mm
2026-07-21 20:06:50  DEBUG      snap wall 2BF endpoint (50617.338,-246929.734) -> (50617.338,-246929.092)  dist=0.642 mm
2026-07-21 20:06:50  DEBUG      snap wall 2C1 endpoint (84217.282,-246678.872) -> (84217.304,-246650.464)  dist=28.407 mm
2026-07-21 20:06:50  DEBUG      snap wall 2C2 endpoint (84217.337,-246918.848) -> (84217.337,-246921.415)  dist=2.567 mm
2026-07-21 20:06:50  DEBUG      snap wall 2C2 endpoint (84217.337,-246922.057) -> (84217.337,-246921.415)  dist=0.642 mm
2026-07-21 20:06:50  DEBUG      snap wall 2C4 endpoint (131017.295,-246668.171) -> (131017.315,-246639.767)  dist=28.404 mm
2026-07-21 20:06:50  DEBUG      snap wall 2C5 endpoint (131017.350,-246908.157) -> (131017.350,-246910.722)  dist=2.565 mm
2026-07-21 20:06:50  DEBUG      snap wall 2C5 endpoint (131017.350,-246911.364) -> (131017.350,-246910.722)  dist=0.641 mm
2026-07-21 20:06:50  DEBUG      snap wall 2C7 endpoint (47817.283,-246687.188) -> (47817.305,-246658.781)  dist=28.407 mm
2026-07-21 20:06:50  DEBUG      snap wall 2C8 endpoint (47817.338,-246927.165) -> (47817.338,-246929.732)  dist=2.567 mm
2026-07-21 20:06:50  DEBUG      snap wall 2C8 endpoint (47817.338,-246930.374) -> (47817.338,-246929.732)  dist=0.642 mm
2026-07-21 20:06:50  DEBUG      snap wall 2CA endpoint (53417.283,-246685.904) -> (53417.305,-246657.499)  dist=28.405 mm
2026-07-21 20:06:50  DEBUG      snap wall 2CB endpoint (53417.337,-246925.886) -> (53417.338,-246928.452)  dist=2.567 mm
2026-07-21 20:06:50  DEBUG      snap wall 2CB endpoint (53417.338,-246929.094) -> (53417.338,-246928.452)  dist=0.642 mm
2026-07-21 20:06:50  DEBUG      snap wall 2CD endpoint (61817.282,-246683.985) -> (61817.305,-246655.580)  dist=28.405 mm
2026-07-21 20:06:50  DEBUG      snap wall 2CE endpoint (61817.337,-246923.967) -> (61817.338,-246926.533)  dist=2.567 mm
2026-07-21 20:06:50  DEBUG      snap wall 2CE endpoint (61817.338,-246927.175) -> (61817.338,-246926.533)  dist=0.642 mm
2026-07-21 20:06:50  DEBUG      snap wall 2D0 endpoint (70117.282,-246682.093) -> (70117.304,-246653.686)  dist=28.407 mm
2026-07-21 20:06:50  DEBUG      snap wall 2D1 endpoint (70117.337,-246922.071) -> (70117.338,-246924.637)  dist=2.566 mm
2026-07-21 20:06:50  DEBUG      snap wall 2D1 endpoint (70117.338,-246925.278) -> (70117.338,-246924.637)  dist=0.642 mm
2026-07-21 20:06:50  DEBUG      snap wall 2D3 endpoint (125417.293,-246669.453) -> (125417.314,-246641.048)  dist=28.405 mm
2026-07-21 20:06:50  DEBUG      snap wall 2D4 endpoint (125417.348,-246909.437) -> (125417.349,-246912.002)  dist=2.565 mm
2026-07-21 20:06:50  DEBUG      snap wall 2D4 endpoint (125417.349,-246912.643) -> (125417.349,-246912.002)  dist=0.641 mm
2026-07-21 20:06:50  DEBUG      snap wall 2D6 endpoint (117017.295,-246671.374) -> (117017.315,-246642.968)  dist=28.406 mm
2026-07-21 20:06:50  DEBUG      snap wall 2D7 endpoint (117017.350,-246911.356) -> (117017.350,-246913.921)  dist=2.565 mm
2026-07-21 20:06:50  DEBUG      snap wall 2D7 endpoint (117017.351,-246914.562) -> (117017.350,-246913.921)  dist=0.641 mm
2026-07-21 20:06:50  DEBUG      snap wall 2D9 endpoint (108617.295,-246673.292) -> (108617.315,-246644.887)  dist=28.405 mm
2026-07-21 20:06:50  DEBUG      snap wall 2DA endpoint (108617.350,-246913.275) -> (108617.351,-246915.840)  dist=2.565 mm
2026-07-21 20:06:50  DEBUG      snap wall 2DA endpoint (108617.351,-246916.482) -> (108617.351,-246915.840)  dist=0.641 mm
2026-07-21 20:06:50  DEBUG      snap wall 2DC endpoint (103017.295,-246674.576) -> (103017.315,-246646.169)  dist=28.407 mm
2026-07-21 20:06:50  DEBUG      snap wall 2DD endpoint (103017.350,-246914.555) -> (103017.351,-246917.120)  dist=2.565 mm
2026-07-21 20:06:50  DEBUG      snap wall 2DD endpoint (103017.351,-246917.761) -> (103017.351,-246917.120)  dist=0.641 mm
2026-07-21 20:06:50  DEBUG      snap wall 2DE endpoint (47817.443,-246630.374) -> (47817.305,-246658.781)  dist=28.408 mm
2026-07-21 20:06:50  DEBUG      snap wall 2DF endpoint (50617.442,-246629.734) -> (50617.305,-246658.135)  dist=28.402 mm
2026-07-21 20:06:50  DEBUG      snap wall 2E0 endpoint (53417.442,-246629.094) -> (53417.305,-246657.499)  dist=28.405 mm
2026-07-21 20:06:50  DEBUG      snap wall 2E1 endpoint (56217.442,-246628.454) -> (56217.305,-246656.859)  dist=28.405 mm
2026-07-21 20:06:50  DEBUG      snap wall 2E2 endpoint (59017.442,-246627.815) -> (59017.305,-246656.218)  dist=28.404 mm
2026-07-21 20:06:50  DEBUG      snap wall 2E3 endpoint (61817.442,-246627.175) -> (61817.305,-246655.580)  dist=28.405 mm
2026-07-21 20:06:50  DEBUG      snap wall 2E4 endpoint (64617.442,-246626.535) -> (64617.305,-246654.940)  dist=28.405 mm
2026-07-21 20:06:50  DEBUG      snap wall 2E5 endpoint (67417.442,-246625.895) -> (67417.305,-246654.300)  dist=28.405 mm
2026-07-21 20:06:50  DEBUG      snap wall 2E6 endpoint (70117.442,-246625.278) -> (70117.304,-246653.686)  dist=28.408 mm
2026-07-21 20:06:50  DEBUG      snap wall 2E7 endpoint (73017.442,-246624.616) -> (73017.304,-246653.020)  dist=28.405 mm
2026-07-21 20:06:50  DEBUG      snap wall 2E8 endpoint (75817.442,-246623.976) -> (75817.304,-246652.381)  dist=28.405 mm
2026-07-21 20:06:50  DEBUG      snap wall 2E9 endpoint (81417.442,-246622.696) -> (81417.304,-246651.102)  dist=28.405 mm
2026-07-21 20:06:50  DEBUG      snap wall 2EA endpoint (84217.442,-246622.057) -> (84217.304,-246650.464)  dist=28.408 mm
2026-07-21 20:06:50  DEBUG      snap wall 2EB endpoint (87017.441,-246621.417) -> (87017.304,-246649.822)  dist=28.405 mm
2026-07-21 20:06:50  DEBUG      snap wall 2EC endpoint (93842.437,-246619.857) -> (93807.357,-246619.865)  dist=35.080 mm
2026-07-21 20:06:50  DEBUG      snap wall 2ED endpoint (103017.441,-246617.761) -> (103017.315,-246646.169)  dist=28.408 mm
2026-07-21 20:06:50  DEBUG      snap wall 2EE endpoint (108617.441,-246616.482) -> (108617.315,-246644.887)  dist=28.406 mm
2026-07-21 20:06:50  DEBUG      snap wall 2EF endpoint (111417.441,-246615.842) -> (111417.315,-246644.247)  dist=28.406 mm
2026-07-21 20:06:50  DEBUG      snap wall 2F0 endpoint (117017.441,-246614.562) -> (117017.315,-246642.968)  dist=28.406 mm
2026-07-21 20:06:50  DEBUG      snap wall 2F1 endpoint (119817.441,-246613.923) -> (119817.315,-246642.328)  dist=28.406 mm
2026-07-21 20:06:50  DEBUG      snap wall 2F2 endpoint (122717.441,-246613.260) -> (122717.315,-246641.667)  dist=28.408 mm
2026-07-21 20:06:50  DEBUG      snap wall 2F3 endpoint (125417.440,-246612.643) -> (125417.314,-246641.048)  dist=28.405 mm
2026-07-21 20:06:50  DEBUG      snap wall 2F4 endpoint (128217.440,-246612.003) -> (128217.315,-246640.409)  dist=28.406 mm
2026-07-21 20:06:50  DEBUG      snap wall 2F5 endpoint (131017.440,-246611.363) -> (131017.315,-246639.767)  dist=28.404 mm
2026-07-21 20:06:50  DEBUG      snap wall 302 endpoint (133019.567,-256610.906) -> (133019.577,-256653.406)  dist=42.500 mm
2026-07-21 20:06:50  DEBUG      snap wall 303 endpoint (133019.567,-256610.906) -> (133019.577,-256653.406)  dist=42.500 mm
2026-07-21 20:06:50  DEBUG      snap wall 306 endpoint (133019.270,-255310.906) -> (133019.260,-255268.406)  dist=42.500 mm
2026-07-21 20:06:50  DEBUG      snap wall 307 endpoint (133019.270,-255310.906) -> (133019.260,-255268.406)  dist=42.500 mm
2026-07-21 20:06:50  DEBUG      snap wall 345 endpoint (57539.007,-254228.153) -> (57529.007,-254228.155)  dist=10.000 mm
2026-07-21 20:06:50  DEBUG      snap wall 346 endpoint (57539.007,-254228.153) -> (57529.007,-254228.155)  dist=10.000 mm
2026-07-21 20:06:50  DEBUG      snap wall 346 endpoint (57519.007,-254228.157) -> (57529.007,-254228.155)  dist=10.000 mm
2026-07-21 20:06:50  DEBUG      snap wall 3B5 endpoint (47821.085,-263330.373) -> (47821.078,-263298.461)  dist=31.912 mm
2026-07-21 20:06:50  DEBUG      snap wall 3B6 endpoint (47821.085,-263330.373) -> (47821.078,-263298.461)  dist=31.912 mm
2026-07-21 20:06:50  DEBUG      snap wall 3BA endpoint (48421.017,-263030.236) -> (48421.017,-263030.300)  dist=0.064 mm
2026-07-21 20:06:50  DEBUG      snap wall 3BB endpoint (48421.017,-263030.236) -> (48421.017,-263030.300)  dist=0.064 mm
2026-07-21 20:06:50  DEBUG      snap wall 3C9 endpoint (67421.085,-263325.895) -> (67421.078,-263293.986)  dist=31.909 mm
2026-07-21 20:06:50  DEBUG      snap wall 3CA endpoint (67421.085,-263325.895) -> (67421.078,-263293.986)  dist=31.909 mm
2026-07-21 20:06:50  DEBUG      snap wall 3CA endpoint (67421.016,-263025.895) -> (67421.074,-263025.895)  dist=0.058 mm
2026-07-21 20:06:50  DEBUG      snap wall 3CB endpoint (67421.016,-263025.895) -> (67421.074,-263025.895)  dist=0.058 mm
2026-07-21 20:06:50  DEBUG      snap wall 3CB endpoint (65028.078,-263026.442) -> (65074.549,-263026.431)  dist=46.471 mm
2026-07-21 20:06:50  DEBUG      snap wall 3CC endpoint (65028.078,-263026.442) -> (65074.549,-263026.431)  dist=46.471 mm
2026-07-21 20:06:50  DEBUG      snap wall 3CD endpoint (70121.099,-263325.278) -> (70121.092,-263293.369)  dist=31.909 mm
2026-07-21 20:06:50  DEBUG      snap wall 3CE endpoint (70121.099,-263325.278) -> (70121.092,-263293.369)  dist=31.909 mm
2026-07-21 20:06:50  DEBUG      snap wall 3CE endpoint (70121.030,-263025.278) -> (70121.083,-263025.278)  dist=0.053 mm
2026-07-21 20:06:50  DEBUG      snap wall 3CF endpoint (70121.030,-263025.278) -> (70121.083,-263025.278)  dist=0.053 mm
2026-07-21 20:06:50  DEBUG      snap wall 3D1 endpoint (73021.085,-263324.615) -> (73021.078,-263292.707)  dist=31.908 mm
2026-07-21 20:06:50  DEBUG      snap wall 3D2 endpoint (73021.085,-263324.615) -> (73021.078,-263292.707)  dist=31.908 mm
2026-07-21 20:06:50  DEBUG      snap wall 3D2 endpoint (73021.016,-263024.615) -> (73021.074,-263024.615)  dist=0.058 mm
2026-07-21 20:06:50  DEBUG      snap wall 3D3 endpoint (73021.016,-263024.615) -> (73021.074,-263024.615)  dist=0.058 mm
2026-07-21 20:06:50  DEBUG      snap wall 3D5 endpoint (75821.085,-263323.976) -> (75821.077,-263292.064)  dist=31.912 mm
2026-07-21 20:06:50  DEBUG      snap wall 3D6 endpoint (75821.085,-263323.976) -> (75821.077,-263292.064)  dist=31.912 mm
2026-07-21 20:06:50  DEBUG      snap wall 3D6 endpoint (75821.016,-263023.976) -> (75821.074,-263023.976)  dist=0.058 mm
2026-07-21 20:06:50  DEBUG      snap wall 3D7 endpoint (75821.016,-263023.976) -> (75821.074,-263023.976)  dist=0.058 mm
2026-07-21 20:06:50  DEBUG      snap wall 3E1 endpoint (88321.084,-263321.119) -> (88321.077,-263289.214)  dist=31.905 mm
2026-07-21 20:06:50  DEBUG      snap wall 3E2 endpoint (88321.084,-263321.119) -> (88321.077,-263289.214)  dist=31.905 mm
2026-07-21 20:06:50  DEBUG      snap wall 3E2 endpoint (88321.016,-263021.119) -> (88321.073,-263021.119)  dist=0.058 mm
2026-07-21 20:06:50  DEBUG      snap wall 3E3 endpoint (88321.016,-263021.119) -> (88321.073,-263021.119)  dist=0.058 mm
2026-07-21 20:06:50  DEBUG      snap wall 3E6 endpoint (90632.106,-263020.591) -> (90626.564,-263020.593)  dist=5.542 mm
2026-07-21 20:06:50  DEBUG      snap wall 3E7 endpoint (90632.106,-263020.591) -> (90626.564,-263020.593)  dist=5.542 mm
2026-07-21 20:06:50  DEBUG      snap wall 3E9 endpoint (95121.084,-263319.566) -> (95121.077,-263287.654)  dist=31.912 mm
2026-07-21 20:06:50  DEBUG      snap wall 3EA endpoint (95121.084,-263319.566) -> (95121.077,-263287.654)  dist=31.912 mm
2026-07-21 20:06:50  DEBUG      snap wall 3EA endpoint (95121.016,-263019.566) -> (95121.073,-263019.566)  dist=0.058 mm
2026-07-21 20:06:50  DEBUG      snap wall 3EB endpoint (95121.016,-263019.566) -> (95121.073,-263019.566)  dist=0.058 mm
2026-07-21 20:06:50  DEBUG      snap wall 3EF endpoint (96806.023,-263019.181) -> (96763.523,-263019.190)  dist=42.500 mm
2026-07-21 20:06:50  DEBUG      snap wall 3F0 endpoint (96721.023,-263019.200) -> (96763.523,-263019.190)  dist=42.500 mm
2026-07-21 20:06:50  DEBUG      snap wall 3F6 endpoint (108621.098,-263316.481) -> (108621.091,-263284.568)  dist=31.913 mm
2026-07-21 20:06:50  DEBUG      snap wall 3F7 endpoint (108621.098,-263316.481) -> (108621.091,-263284.568)  dist=31.913 mm
2026-07-21 20:06:50  DEBUG      snap wall 3F7 endpoint (108621.029,-263016.481) -> (108621.082,-263016.481)  dist=0.053 mm
2026-07-21 20:06:50  DEBUG      snap wall 3F8 endpoint (108621.029,-263016.481) -> (108621.082,-263016.481)  dist=0.053 mm
2026-07-21 20:06:50  DEBUG      snap wall 3FA endpoint (111421.098,-263315.841) -> (111421.091,-263283.930)  dist=31.912 mm
2026-07-21 20:06:50  DEBUG      snap wall 3FB endpoint (111421.098,-263315.841) -> (111421.091,-263283.930)  dist=31.912 mm
2026-07-21 20:06:50  DEBUG      snap wall 3FB endpoint (111421.029,-263015.841) -> (111421.082,-263015.841)  dist=0.053 mm
2026-07-21 20:06:50  DEBUG      snap wall 3FC endpoint (111421.029,-263015.841) -> (111421.082,-263015.841)  dist=0.053 mm
2026-07-21 20:06:50  DEBUG      snap wall 3FE endpoint (117021.098,-263314.562) -> (117021.090,-263282.652)  dist=31.909 mm
2026-07-21 20:06:50  DEBUG      snap wall 3FF endpoint (117021.098,-263314.562) -> (117021.090,-263282.652)  dist=31.909 mm
2026-07-21 20:06:50  DEBUG      snap wall 3FF endpoint (117021.029,-263014.562) -> (117021.082,-263014.562)  dist=0.053 mm
2026-07-21 20:06:50  DEBUG      snap wall 400 endpoint (117021.029,-263014.562) -> (117021.082,-263014.562)  dist=0.053 mm
2026-07-21 20:06:50  DEBUG      snap wall 402 endpoint (119821.098,-263313.922) -> (119821.090,-263282.011)  dist=31.912 mm
2026-07-21 20:06:50  DEBUG      snap wall 403 endpoint (119821.098,-263313.922) -> (119821.090,-263282.011)  dist=31.912 mm
2026-07-21 20:06:50  DEBUG      snap wall 403 endpoint (119821.029,-263013.922) -> (119821.082,-263013.922)  dist=0.053 mm
2026-07-21 20:06:50  DEBUG      snap wall 404 endpoint (119821.029,-263013.922) -> (119821.082,-263013.922)  dist=0.053 mm
2026-07-21 20:06:50  DEBUG      snap wall 40E endpoint (131021.097,-263311.363) -> (131021.090,-263279.455)  dist=31.908 mm
2026-07-21 20:06:50  DEBUG      snap wall 40F endpoint (131021.097,-263311.363) -> (131021.090,-263279.455)  dist=31.908 mm
2026-07-21 20:06:50  DEBUG      snap wall 40F endpoint (131021.029,-263011.363) -> (131021.082,-263011.363)  dist=0.053 mm
2026-07-21 20:06:50  DEBUG      snap wall 410 endpoint (131021.029,-263011.363) -> (131021.082,-263011.363)  dist=0.053 mm
2026-07-21 20:06:50  DEBUG      snap wall 413 endpoint (131621.029,-263011.226) -> (131621.029,-263011.236)  dist=0.010 mm
2026-07-21 20:06:50  DEBUG      snap wall 414 endpoint (131621.029,-263011.226) -> (131621.029,-263011.236)  dist=0.010 mm
2026-07-21 20:06:50  DEBUG      snap wall 415 endpoint (131021.097,-263311.363) -> (131021.090,-263279.455)  dist=31.908 mm
2026-07-21 20:06:50  DEBUG      snap wall 416 endpoint (47821.085,-263330.373) -> (47821.078,-263298.461)  dist=31.912 mm
2026-07-21 20:06:50  DEBUG      snap wall 417 endpoint (75821.085,-263323.976) -> (75821.077,-263292.064)  dist=31.912 mm
2026-07-21 20:06:50  DEBUG      snap wall 418 endpoint (73021.085,-263324.615) -> (73021.078,-263292.707)  dist=31.908 mm
2026-07-21 20:06:50  DEBUG      snap wall 419 endpoint (70121.099,-263325.278) -> (70121.092,-263293.369)  dist=31.909 mm
2026-07-21 20:06:50  DEBUG      snap wall 41A endpoint (67421.085,-263325.895) -> (67421.078,-263293.986)  dist=31.909 mm
2026-07-21 20:06:50  DEBUG      snap wall 41B endpoint (88321.084,-263321.119) -> (88321.077,-263289.214)  dist=31.905 mm
2026-07-21 20:06:50  DEBUG      snap wall 41C endpoint (95121.084,-263319.566) -> (95121.077,-263287.654)  dist=31.912 mm
2026-07-21 20:06:50  DEBUG      snap wall 41D endpoint (119821.098,-263313.922) -> (119821.090,-263282.011)  dist=31.912 mm
2026-07-21 20:06:50  DEBUG      snap wall 41E endpoint (117021.098,-263314.562) -> (117021.090,-263282.652)  dist=31.909 mm
2026-07-21 20:06:50  DEBUG      snap wall 41F endpoint (111421.098,-263315.841) -> (111421.091,-263283.930)  dist=31.912 mm
2026-07-21 20:06:50  DEBUG      snap wall 420 endpoint (108621.098,-263316.481) -> (108621.091,-263284.568)  dist=31.913 mm
2026-07-21 20:06:50  DEBUG      snap wall 421 endpoint (48421.017,-263030.428) -> (48421.017,-263030.300)  dist=0.128 mm
2026-07-21 20:06:50  DEBUG      snap wall 422 endpoint (47821.071,-263267.188) -> (47821.078,-263298.461)  dist=31.273 mm
2026-07-21 20:06:50  DEBUG      snap wall 423 endpoint (47821.085,-263327.182) -> (47821.078,-263298.461)  dist=28.720 mm
2026-07-21 20:06:50  DEBUG      snap wall 423 endpoint (47821.085,-263330.373) -> (47821.078,-263298.461)  dist=31.912 mm
2026-07-21 20:06:50  DEBUG      snap wall 425 endpoint (67421.071,-263262.715) -> (67421.078,-263293.986)  dist=31.271 mm
2026-07-21 20:06:50  DEBUG      snap wall 426 endpoint (67421.084,-263322.709) -> (67421.078,-263293.986)  dist=28.722 mm
2026-07-21 20:06:50  DEBUG      snap wall 426 endpoint (67421.085,-263325.895) -> (67421.078,-263293.986)  dist=31.909 mm
2026-07-21 20:06:50  DEBUG      snap wall 428 endpoint (73021.070,-263261.436) -> (73021.078,-263292.707)  dist=31.271 mm
2026-07-21 20:06:50  DEBUG      snap wall 429 endpoint (73021.084,-263321.430) -> (73021.078,-263292.707)  dist=28.723 mm
2026-07-21 20:06:50  DEBUG      snap wall 429 endpoint (73021.085,-263324.615) -> (73021.078,-263292.707)  dist=31.908 mm
2026-07-21 20:06:50  DEBUG      snap wall 42B endpoint (75821.070,-263260.790) -> (75821.077,-263292.064)  dist=31.274 mm
2026-07-21 20:06:50  DEBUG      snap wall 42C endpoint (75821.084,-263320.786) -> (75821.077,-263292.064)  dist=28.722 mm
2026-07-21 20:06:50  DEBUG      snap wall 42C endpoint (75821.085,-263323.976) -> (75821.077,-263292.064)  dist=31.912 mm
2026-07-21 20:06:50  DEBUG      snap wall 42E endpoint (95121.070,-263256.381) -> (95121.077,-263287.654)  dist=31.274 mm
2026-07-21 20:06:50  DEBUG      snap wall 42F endpoint (95121.084,-263316.376) -> (95121.077,-263287.654)  dist=28.722 mm
2026-07-21 20:06:50  DEBUG      snap wall 42F endpoint (95121.084,-263319.566) -> (95121.077,-263287.654)  dist=31.912 mm
2026-07-21 20:06:50  DEBUG      snap wall 431 endpoint (111421.083,-263252.656) -> (111421.091,-263283.930)  dist=31.274 mm
2026-07-21 20:06:50  DEBUG      snap wall 432 endpoint (111421.097,-263312.652) -> (111421.091,-263283.930)  dist=28.722 mm
2026-07-21 20:06:50  DEBUG      snap wall 432 endpoint (111421.098,-263315.841) -> (111421.091,-263283.930)  dist=31.912 mm
2026-07-21 20:06:50  DEBUG      snap wall 434 endpoint (119821.098,-263313.922) -> (119821.090,-263282.011)  dist=31.912 mm
2026-07-21 20:06:50  DEBUG      snap wall 434 endpoint (119821.097,-263310.733) -> (119821.090,-263282.011)  dist=28.722 mm
2026-07-21 20:06:50  DEBUG      snap wall 435 endpoint (119821.083,-263250.737) -> (119821.090,-263282.011)  dist=31.274 mm
2026-07-21 20:06:50  DEBUG      snap wall 436 endpoint (131621.029,-263011.255) -> (131621.029,-263011.236)  dist=0.020 mm
2026-07-21 20:06:50  DEBUG      snap wall 437 endpoint (131021.097,-263311.363) -> (131021.090,-263279.455)  dist=31.908 mm
2026-07-21 20:06:50  DEBUG      snap wall 437 endpoint (131021.097,-263308.177) -> (131021.090,-263279.455)  dist=28.722 mm
2026-07-21 20:06:50  DEBUG      snap wall 438 endpoint (131021.083,-263248.184) -> (131021.090,-263279.455)  dist=31.271 mm
2026-07-21 20:06:50  DEBUG      snap wall 43A endpoint (70121.085,-263262.097) -> (70121.092,-263293.369)  dist=31.272 mm
2026-07-21 20:06:50  DEBUG      snap wall 43B endpoint (70121.098,-263322.093) -> (70121.092,-263293.369)  dist=28.724 mm
2026-07-21 20:06:50  DEBUG      snap wall 43B endpoint (70121.099,-263325.278) -> (70121.092,-263293.369)  dist=31.909 mm
2026-07-21 20:06:50  DEBUG      snap wall 43D endpoint (108621.084,-263253.296) -> (108621.091,-263284.568)  dist=31.272 mm
2026-07-21 20:06:50  DEBUG      snap wall 43E endpoint (108621.097,-263313.273) -> (108621.091,-263284.568)  dist=28.705 mm
2026-07-21 20:06:50  DEBUG      snap wall 43E endpoint (108621.098,-263316.481) -> (108621.091,-263284.568)  dist=31.913 mm
2026-07-21 20:06:50  DEBUG      snap wall 440 endpoint (117021.083,-263251.380) -> (117021.090,-263282.652)  dist=31.272 mm
2026-07-21 20:06:50  DEBUG      snap wall 441 endpoint (117021.097,-263311.377) -> (117021.090,-263282.652)  dist=28.724 mm
2026-07-21 20:06:50  DEBUG      snap wall 441 endpoint (117021.098,-263314.562) -> (117021.090,-263282.652)  dist=31.909 mm
2026-07-21 20:06:50  DEBUG      snap wall 443 endpoint (88321.070,-263257.946) -> (88321.077,-263289.214)  dist=31.268 mm
2026-07-21 20:06:50  DEBUG      snap wall 444 endpoint (88321.084,-263317.934) -> (88321.077,-263289.214)  dist=28.720 mm
2026-07-21 20:06:50  DEBUG      snap wall 444 endpoint (88321.084,-263321.119) -> (88321.077,-263289.214)  dist=31.905 mm
2026-07-21 20:06:50  DEBUG      snap wall 445 endpoint (131021.188,-263011.363) -> (131021.082,-263011.363)  dist=0.106 mm
2026-07-21 20:06:50  DEBUG      snap wall 446 endpoint (108621.188,-263016.481) -> (108621.082,-263016.481)  dist=0.106 mm
2026-07-21 20:06:50  DEBUG      snap wall 447 endpoint (111421.188,-263015.841) -> (111421.082,-263015.841)  dist=0.106 mm
2026-07-21 20:06:50  DEBUG      snap wall 448 endpoint (117021.188,-263014.562) -> (117021.082,-263014.562)  dist=0.106 mm
2026-07-21 20:06:50  DEBUG      snap wall 449 endpoint (119821.188,-263013.922) -> (119821.082,-263013.922)  dist=0.106 mm
2026-07-21 20:06:50  DEBUG      snap wall 44A endpoint (95121.188,-263019.566) -> (95121.073,-263019.566)  dist=0.115 mm
2026-07-21 20:06:50  DEBUG      snap wall 44B endpoint (88321.189,-263021.119) -> (88321.073,-263021.119)  dist=0.115 mm
2026-07-21 20:06:50  DEBUG      snap wall 44C endpoint (67421.189,-263025.895) -> (67421.074,-263025.895)  dist=0.115 mm
2026-07-21 20:06:50  DEBUG      snap wall 44D endpoint (70121.189,-263025.278) -> (70121.083,-263025.278)  dist=0.106 mm
2026-07-21 20:06:50  DEBUG      snap wall 44E endpoint (73021.189,-263024.615) -> (73021.074,-263024.615)  dist=0.115 mm
2026-07-21 20:06:50  DEBUG      snap wall 44F endpoint (75821.189,-263023.976) -> (75821.074,-263023.976)  dist=0.115 mm
2026-07-21 20:06:50  DEBUG      snap wall 471 endpoint (90621.023,-263020.594) -> (90626.564,-263020.593)  dist=5.542 mm
2026-07-21 20:06:50  DEBUG      snap wall 472 endpoint (90621.023,-263020.594) -> (90626.564,-263020.593)  dist=5.542 mm
2026-07-21 20:06:50  DEBUG      snap wall 481 endpoint (130020.846,-262211.592) -> (129978.346,-262211.601)  dist=42.500 mm
2026-07-21 20:06:50  DEBUG      snap wall 481 endpoint (130019.201,-255011.592) -> (129976.701,-255011.602)  dist=42.500 mm
2026-07-21 20:06:50  DEBUG      snap wall 482 endpoint (130019.201,-255011.592) -> (129976.701,-255011.602)  dist=42.500 mm
2026-07-21 20:06:50  DEBUG      snap wall 482 endpoint (129934.201,-255011.611) -> (129976.701,-255011.602)  dist=42.500 mm
2026-07-21 20:06:50  DEBUG      snap wall 483 endpoint (129934.201,-255011.611) -> (129976.701,-255011.602)  dist=42.500 mm
2026-07-21 20:06:50  DEBUG      snap wall 483 endpoint (129935.846,-262211.611) -> (129978.346,-262211.601)  dist=42.500 mm
2026-07-21 20:06:50  DEBUG      snap wall 484 endpoint (129935.846,-262211.611) -> (129978.346,-262211.601)  dist=42.500 mm
2026-07-21 20:06:50  DEBUG      snap wall 484 endpoint (130020.846,-262211.592) -> (129978.346,-262211.601)  dist=42.500 mm
2026-07-21 20:06:50  DEBUG      snap wall 4B6 endpoint (90117.764,-248757.709) -> (90103.588,-248718.545)  dist=41.650 mm
2026-07-21 20:06:50  DEBUG      snap wall 4B6 endpoint (91080.264,-248757.489) -> (91100.267,-248772.984)  dist=25.303 mm
2026-07-21 20:06:50  DEBUG      snap wall 4B7 endpoint (91180.264,-248757.466) -> (91100.267,-248772.984)  dist=81.488 mm
2026-07-21 20:06:50  DEBUG      snap wall 4B7 endpoint (92317.311,-248757.206) -> (92263.377,-248720.348)  dist=65.325 mm
2026-07-21 20:06:50  DEBUG      snap wall 4B8 endpoint (92317.765,-248757.206) -> (92263.377,-248720.348)  dist=65.700 mm
2026-07-21 20:06:50  DEBUG      snap wall 4B8 endpoint (92222.765,-248757.228) -> (92263.377,-248720.348)  dist=54.858 mm
2026-07-21 20:06:50  DEBUG      snap wall 4B9 endpoint (92222.765,-248757.228) -> (92263.377,-248720.348)  dist=54.858 mm
2026-07-21 20:06:50  DEBUG      snap wall 4BA endpoint (90117.764,-248757.709) -> (90103.588,-248718.545)  dist=41.650 mm
2026-07-21 20:06:50  DEBUG      snap wall 4BB endpoint (92317.311,-248657.206) -> (92263.377,-248720.348)  dist=83.041 mm
2026-07-21 20:06:50  DEBUG      snap wall 4BB endpoint (91185.146,-248657.465) -> (91182.701,-248688.715)  dist=31.346 mm
2026-07-21 20:06:50  DEBUG      snap wall 4BD endpoint (90117.741,-248657.709) -> (90075.241,-248656.885)  dist=42.508 mm
2026-07-21 20:06:50  DEBUG      snap wall 4BE endpoint (90117.741,-248657.709) -> (90075.241,-248656.885)  dist=42.508 mm
2026-07-21 20:06:50  DEBUG      snap wall 4BF endpoint (92222.742,-248657.228) -> (92222.747,-248676.591)  dist=19.363 mm
2026-07-21 20:06:50  DEBUG      snap wall 4C0 endpoint (92222.742,-248657.228) -> (92222.747,-248676.591)  dist=19.363 mm
2026-07-21 20:06:50  DEBUG      snap wall 4C0 endpoint (92317.742,-248657.206) -> (92263.377,-248720.348)  dist=83.322 mm
2026-07-21 20:06:50  DEBUG      snap wall 4C1 endpoint (90117.764,-248757.709) -> (90103.588,-248718.545)  dist=41.650 mm
2026-07-21 20:06:50  DEBUG      snap wall 4C1 endpoint (90117.741,-248657.709) -> (90075.241,-248656.885)  dist=42.508 mm
2026-07-21 20:06:50  DEBUG      snap wall 4C2 endpoint (92317.742,-248657.206) -> (92263.377,-248720.348)  dist=83.322 mm
2026-07-21 20:06:50  DEBUG      snap wall 4C2 endpoint (92317.765,-248757.206) -> (92263.377,-248720.348)  dist=65.700 mm
2026-07-21 20:06:50  DEBUG      snap wall 4C3 endpoint (92222.742,-248657.228) -> (92222.747,-248676.591)  dist=19.363 mm
2026-07-21 20:06:50  DEBUG      snap wall 4C3 endpoint (92222.749,-248686.273) -> (92222.747,-248676.591)  dist=9.682 mm
2026-07-21 20:06:50  DEBUG      snap wall 4C4 endpoint (92222.759,-248728.183) -> (92263.377,-248720.348)  dist=41.367 mm
2026-07-21 20:06:50  DEBUG      snap wall 4C4 endpoint (92222.765,-248757.228) -> (92263.377,-248720.348)  dist=54.858 mm
2026-07-21 20:06:50  DEBUG      snap wall 4C6 endpoint (90117.741,-248657.709) -> (90075.241,-248656.885)  dist=42.508 mm
2026-07-21 20:06:50  DEBUG      snap wall 4C6 endpoint (90117.764,-248757.709) -> (90103.588,-248718.545)  dist=41.650 mm
2026-07-21 20:06:50  DEBUG      snap wall 4C8 endpoint (92222.742,-248657.228) -> (92222.747,-248676.591)  dist=19.363 mm
2026-07-21 20:06:50  DEBUG      snap wall 4C8 endpoint (92222.749,-248686.273) -> (92222.747,-248676.591)  dist=9.682 mm
2026-07-21 20:06:50  DEBUG      snap wall 4C9 endpoint (92222.759,-248728.183) -> (92263.377,-248720.348)  dist=41.367 mm
2026-07-21 20:06:50  DEBUG      snap wall 4C9 endpoint (92222.765,-248757.228) -> (92263.377,-248720.348)  dist=54.858 mm
2026-07-21 20:06:50  DEBUG      snap wall 4CA endpoint (89617.975,-249682.823) -> (89617.960,-249616.156)  dist=66.667 mm
2026-07-21 20:06:50  DEBUG      snap wall 4CA endpoint (91080.475,-249682.489) -> (91080.471,-249665.489)  dist=17.000 mm
2026-07-21 20:06:50  DEBUG      snap wall 4CB endpoint (91080.475,-249682.489) -> (91080.471,-249665.489)  dist=17.000 mm
2026-07-21 20:06:50  DEBUG      snap wall 4CB endpoint (89617.975,-249682.823) -> (89617.960,-249616.156)  dist=66.667 mm
2026-07-21 20:06:50  DEBUG      snap wall 4CC endpoint (89617.952,-249582.823) -> (89617.960,-249616.156)  dist=33.333 mm
2026-07-21 20:06:50  DEBUG      snap wall 4CC endpoint (91080.452,-249582.489) -> (91080.471,-249665.489)  dist=83.000 mm
2026-07-21 20:06:50  DEBUG      snap wall 4CD endpoint (91080.452,-249582.489) -> (91080.471,-249665.489)  dist=83.000 mm
2026-07-21 20:06:50  DEBUG      snap wall 4CD endpoint (89617.952,-249582.823) -> (89617.960,-249616.156)  dist=33.333 mm
2026-07-21 20:06:50  DEBUG      snap wall 4CE endpoint (89617.975,-249682.823) -> (89617.960,-249616.156)  dist=66.667 mm
2026-07-21 20:06:50  DEBUG      snap wall 4CE endpoint (89617.952,-249582.823) -> (89617.960,-249616.156)  dist=33.333 mm
2026-07-21 20:06:50  DEBUG      snap wall 4CF endpoint (89617.952,-249582.823) -> (89617.960,-249616.156)  dist=33.333 mm
2026-07-21 20:06:50  DEBUG      snap wall 4CF endpoint (89617.975,-249682.823) -> (89617.960,-249616.156)  dist=66.667 mm
2026-07-21 20:06:50  DEBUG      snap wall 4D2 endpoint (91080.664,-250507.489) -> (91122.330,-250507.479)  dist=41.667 mm
2026-07-21 20:06:50  DEBUG      snap wall 4D3 endpoint (91080.664,-250507.489) -> (91122.330,-250507.479)  dist=41.667 mm
2026-07-21 20:06:50  DEBUG      snap wall 4D5 endpoint (91143.164,-250507.474) -> (91122.330,-250507.479)  dist=20.833 mm
2026-07-21 20:06:50  DEBUG      snap wall 4D6 endpoint (91143.164,-250507.474) -> (91122.330,-250507.479)  dist=20.833 mm
2026-07-21 20:06:50  DEBUG      snap wall 4D8 endpoint (91180.255,-248719.966) -> (91182.701,-248688.715)  dist=31.346 mm
2026-07-21 20:06:50  DEBUG      snap wall 4D8 endpoint (91180.277,-248814.966) -> (91146.944,-248814.973)  dist=33.333 mm
2026-07-21 20:06:50  DEBUG      snap wall 4D9 endpoint (91180.277,-248814.966) -> (91146.944,-248814.973)  dist=33.333 mm
2026-07-21 20:06:50  DEBUG      snap wall 4D9 endpoint (91180.264,-248757.466) -> (91100.267,-248772.984)  dist=81.488 mm
2026-07-21 20:06:50  DEBUG      snap wall 4DC endpoint (91080.264,-248757.489) -> (91100.267,-248772.984)  dist=25.303 mm
2026-07-21 20:06:50  DEBUG      snap wall 4DC endpoint (91080.277,-248814.989) -> (91100.267,-248772.984)  dist=46.519 mm
2026-07-21 20:06:50  DEBUG      snap wall 4DD endpoint (91080.277,-248814.989) -> (91100.267,-248772.984)  dist=46.519 mm
2026-07-21 20:06:50  DEBUG      snap wall 4DD endpoint (91080.255,-248719.989) -> (91100.267,-248772.984)  dist=56.648 mm
2026-07-21 20:06:50  DEBUG      snap wall 4DE endpoint (91080.452,-249582.489) -> (91080.471,-249665.489)  dist=83.000 mm
2026-07-21 20:06:50  DEBUG      snap wall 4DF endpoint (91080.452,-249582.489) -> (91080.471,-249665.489)  dist=83.000 mm
2026-07-21 20:06:50  DEBUG      snap wall 4E0 endpoint (91180.277,-248814.966) -> (91146.944,-248814.973)  dist=33.333 mm
2026-07-21 20:06:50  DEBUG      snap wall 4E0 endpoint (91151.232,-248814.972) -> (91146.944,-248814.973)  dist=4.288 mm
2026-07-21 20:06:50  DEBUG      snap wall 4E1 endpoint (91109.322,-248814.982) -> (91146.944,-248814.973)  dist=37.622 mm
2026-07-21 20:06:50  DEBUG      snap wall 4E1 endpoint (91080.277,-248814.989) -> (91100.267,-248772.984)  dist=46.519 mm
2026-07-21 20:06:50  DEBUG      snap wall 4E3 endpoint (91080.255,-248719.989) -> (91100.267,-248772.984)  dist=56.648 mm
2026-07-21 20:06:50  DEBUG      snap wall 4E3 endpoint (91180.255,-248719.966) -> (91182.701,-248688.715)  dist=31.346 mm
2026-07-21 20:06:50  DEBUG      snap wall 4E4 endpoint (91080.277,-248814.989) -> (91100.267,-248772.984)  dist=46.519 mm
2026-07-21 20:06:50  DEBUG      snap wall 4E4 endpoint (91180.277,-248814.966) -> (91146.944,-248814.973)  dist=33.333 mm
2026-07-21 20:06:50  DEBUG      snap wall 4E6 endpoint (91180.628,-250349.966) -> (91113.961,-250349.981)  dist=66.667 mm
2026-07-21 20:06:50  DEBUG      snap wall 4E7 endpoint (91180.628,-250349.966) -> (91113.961,-250349.981)  dist=66.667 mm
2026-07-21 20:06:50  DEBUG      snap wall 4E8 endpoint (91180.488,-249739.966) -> (91147.155,-249739.973)  dist=33.333 mm
2026-07-21 20:06:50  DEBUG      snap wall 4E9 endpoint (91180.488,-249739.966) -> (91147.155,-249739.973)  dist=33.333 mm
2026-07-21 20:06:50  DEBUG      snap wall 4EA endpoint (91080.664,-250507.489) -> (91122.330,-250507.479)  dist=41.667 mm
2026-07-21 20:06:50  DEBUG      snap wall 4EA endpoint (91080.628,-250349.989) -> (91113.961,-250349.981)  dist=33.333 mm
2026-07-21 20:06:50  DEBUG      snap wall 4EB endpoint (91080.628,-250349.989) -> (91113.961,-250349.981)  dist=33.333 mm
2026-07-21 20:06:50  DEBUG      snap wall 4EB endpoint (91080.664,-250507.489) -> (91122.330,-250507.479)  dist=41.667 mm
2026-07-21 20:06:50  DEBUG      snap wall 4EC endpoint (91080.475,-249682.489) -> (91080.471,-249665.489)  dist=17.000 mm
2026-07-21 20:06:50  DEBUG      snap wall 4EC endpoint (91080.488,-249739.989) -> (91080.471,-249665.489)  dist=74.500 mm
2026-07-21 20:06:50  DEBUG      snap wall 4ED endpoint (91080.488,-249739.989) -> (91080.471,-249665.489)  dist=74.500 mm
2026-07-21 20:06:50  DEBUG      snap wall 4ED endpoint (91080.475,-249682.489) -> (91080.471,-249665.489)  dist=17.000 mm
2026-07-21 20:06:50  DEBUG      snap wall 4EE endpoint (91143.164,-250507.474) -> (91122.330,-250507.479)  dist=20.833 mm
2026-07-21 20:06:50  DEBUG      snap wall 4EF endpoint (91080.628,-250349.989) -> (91113.961,-250349.981)  dist=33.333 mm
2026-07-21 20:06:50  DEBUG      snap wall 4EF endpoint (91180.628,-250349.966) -> (91113.961,-250349.981)  dist=66.667 mm
2026-07-21 20:06:50  DEBUG      snap wall 4F0 endpoint (91180.488,-249739.966) -> (91147.155,-249739.973)  dist=33.333 mm
2026-07-21 20:06:50  DEBUG      snap wall 4F0 endpoint (91151.443,-249739.972) -> (91147.155,-249739.973)  dist=4.288 mm
2026-07-21 20:06:50  DEBUG      snap wall 4F1 endpoint (91109.533,-249739.982) -> (91147.155,-249739.973)  dist=37.622 mm
2026-07-21 20:06:50  DEBUG      snap wall 4F1 endpoint (91080.488,-249739.989) -> (91080.471,-249665.489)  dist=74.500 mm
2026-07-21 20:06:50  DEBUG      snap wall 4F2 endpoint (91143.164,-250507.474) -> (91122.330,-250507.479)  dist=20.833 mm
2026-07-21 20:06:50  DEBUG      snap wall 4F3 endpoint (91180.628,-250349.966) -> (91113.961,-250349.981)  dist=66.667 mm
2026-07-21 20:06:50  DEBUG      snap wall 4F3 endpoint (91080.628,-250349.989) -> (91113.961,-250349.981)  dist=33.333 mm
2026-07-21 20:06:50  DEBUG      snap wall 4F4 endpoint (91080.488,-249739.989) -> (91080.471,-249665.489)  dist=74.500 mm
2026-07-21 20:06:50  DEBUG      snap wall 4F4 endpoint (91180.488,-249739.966) -> (91147.155,-249739.973)  dist=33.333 mm
2026-07-21 20:06:50  DEBUG      snap wall 527 endpoint (89618.518,-252057.823) -> (89618.503,-251991.156)  dist=66.667 mm
2026-07-21 20:06:50  DEBUG      snap wall 527 endpoint (90218.518,-252057.686) -> (90218.503,-251991.019)  dist=66.667 mm
2026-07-21 20:06:50  DEBUG      snap wall 528 endpoint (90218.518,-252057.686) -> (90218.503,-251991.019)  dist=66.667 mm
2026-07-21 20:06:50  DEBUG      snap wall 528 endpoint (89618.518,-252057.823) -> (89618.503,-251991.156)  dist=66.667 mm
2026-07-21 20:06:50  DEBUG      snap wall 529 endpoint (89618.495,-251957.823) -> (89618.503,-251991.156)  dist=33.333 mm
2026-07-21 20:06:50  DEBUG      snap wall 529 endpoint (90218.495,-251957.686) -> (90218.503,-251991.019)  dist=33.333 mm
2026-07-21 20:06:50  DEBUG      snap wall 52A endpoint (90218.495,-251957.686) -> (90218.503,-251991.019)  dist=33.333 mm
2026-07-21 20:06:50  DEBUG      snap wall 52A endpoint (89618.495,-251957.823) -> (89618.503,-251991.156)  dist=33.333 mm
2026-07-21 20:06:50  DEBUG      snap wall 52B endpoint (89618.518,-252057.823) -> (89618.503,-251991.156)  dist=66.667 mm
2026-07-21 20:06:50  DEBUG      snap wall 52B endpoint (89618.495,-251957.823) -> (89618.503,-251991.156)  dist=33.333 mm
2026-07-21 20:06:50  DEBUG      snap wall 52C endpoint (90218.495,-251957.686) -> (90218.503,-251991.019)  dist=33.333 mm
2026-07-21 20:06:50  DEBUG      snap wall 52C endpoint (90218.518,-252057.686) -> (90218.503,-251991.019)  dist=66.667 mm
2026-07-21 20:06:50  DEBUG      snap wall 52D endpoint (90218.495,-251957.686) -> (90218.503,-251991.019)  dist=33.333 mm
2026-07-21 20:06:50  DEBUG      snap wall 52D endpoint (90218.518,-252057.686) -> (90218.503,-251991.019)  dist=66.667 mm
2026-07-21 20:06:50  DEBUG      snap wall 52E endpoint (89618.495,-251957.823) -> (89618.503,-251991.156)  dist=33.333 mm
2026-07-21 20:06:50  DEBUG      snap wall 52E endpoint (89618.518,-252057.823) -> (89618.503,-251991.156)  dist=66.667 mm
2026-07-21 20:06:50  DEBUG      snap wall 53D endpoint (96419.503,-253946.021) -> (96419.503,-253944.545)  dist=1.475 mm
2026-07-21 20:06:50  DEBUG      snap wall 53D endpoint (96419.503,-253943.070) -> (96419.503,-253944.545)  dist=1.475 mm
2026-07-21 20:06:50  DEBUG      snap wall 540 endpoint (96419.503,-253946.021) -> (96419.503,-253944.545)  dist=1.475 mm
2026-07-21 20:06:50  DEBUG      snap wall 94C endpoint (92317.311,-248657.206) -> (92263.377,-248720.348)  dist=83.041 mm
2026-07-21 20:06:50  DEBUG      snap wall 94D endpoint (92317.311,-248757.206) -> (92263.377,-248720.348)  dist=65.325 mm
2026-07-21 20:06:50  DEBUG      snap wall 94D endpoint (92317.311,-251711.961) -> (92317.890,-251711.961)  dist=0.579 mm
2026-07-21 20:06:50  DEBUG      snap wall 94E endpoint (92317.311,-251711.961) -> (92317.890,-251711.961)  dist=0.579 mm
2026-07-21 20:06:50  DEBUG      snap wall 94E endpoint (92318.469,-251711.961) -> (92317.890,-251711.961)  dist=0.579 mm
2026-07-21 20:06:50  DEBUG      snap wall 95B endpoint (96719.629,-256919.200) -> (96758.829,-256919.191)  dist=39.200 mm
2026-07-21 20:06:50  DEBUG      snap wall 95B endpoint (96721.023,-263019.200) -> (96763.523,-263019.190)  dist=42.500 mm
2026-07-21 20:06:50  DEBUG      snap wall 95C endpoint (96806.023,-263019.181) -> (96763.523,-263019.190)  dist=42.500 mm
2026-07-21 20:06:50  DEBUG      snap wall 95D endpoint (96804.629,-256919.181) -> (96758.829,-256919.191)  dist=45.800 mm
2026-07-21 20:06:50  DEBUG      snap wall 95D endpoint (96732.629,-256919.197) -> (96758.829,-256919.191)  dist=26.200 mm
2026-07-21 20:06:50  DEBUG      snap wall 95E endpoint (96732.629,-256919.197) -> (96758.829,-256919.191)  dist=26.200 mm
2026-07-21 20:06:50  DEBUG      snap wall 95E endpoint (96719.629,-256919.200) -> (96758.829,-256919.191)  dist=39.200 mm
2026-07-21 20:06:50  DEBUG      snap wall 9A7 endpoint (97319.650,-257004.063) -> (97319.640,-256961.563)  dist=42.500 mm
2026-07-21 20:06:50  DEBUG      snap wall 9A8 endpoint (97319.630,-256919.063) -> (97319.640,-256961.563)  dist=42.500 mm
2026-07-21 20:06:50  DEBUG      snap wall 9A8 endpoint (96804.629,-256919.181) -> (96758.829,-256919.191)  dist=45.800 mm
2026-07-21 20:06:50  DEBUG      snap wall 9BC endpoint (97319.630,-256919.063) -> (97319.640,-256961.563)  dist=42.500 mm
2026-07-21 20:06:50  DEBUG      snap wall 9BD endpoint (97319.650,-257004.063) -> (97319.640,-256961.563)  dist=42.500 mm
2026-07-21 20:06:50  DEBUG      snap wall AE2 endpoint (92518.956,-253970.160) -> (92542.214,-253960.169)  dist=25.313 mm
2026-07-21 20:06:50  DEBUG      snap wall AE3 endpoint (92518.956,-253970.160) -> (92542.214,-253960.169)  dist=25.313 mm
2026-07-21 20:06:50  DEBUG      snap wall AE3 endpoint (92318.956,-253970.206) -> (92317.214,-253960.192)  dist=10.165 mm
2026-07-21 20:06:50  DEBUG      snap wall AE4 endpoint (92318.956,-253970.206) -> (92317.214,-253960.192)  dist=10.165 mm
2026-07-21 20:06:50  DEBUG      snap wall AF2 endpoint (89619.012,-254220.823) -> (89576.512,-254220.832)  dist=42.500 mm
2026-07-21 20:06:50  DEBUG      snap wall AF2 endpoint (89617.755,-248720.323) -> (89561.082,-248692.002)  dist=63.355 mm
2026-07-21 20:06:50  DEBUG      snap wall AF3 endpoint (89532.755,-248720.342) -> (89561.082,-248692.002)  dist=40.069 mm
2026-07-21 20:06:50  DEBUG      snap wall AF3 endpoint (89534.012,-254220.842) -> (89576.512,-254220.832)  dist=42.500 mm
2026-07-21 20:06:50  DEBUG      snap wall AF4 endpoint (89534.012,-254220.842) -> (89576.512,-254220.832)  dist=42.500 mm
2026-07-21 20:06:50  DEBUG      snap wall AF4 endpoint (89619.012,-254220.823) -> (89576.512,-254220.832)  dist=42.500 mm
2026-07-21 20:06:50  DEBUG      snap wall B03 endpoint (90032.527,-247720.728) -> (90075.027,-247720.718)  dist=42.500 mm
2026-07-21 20:06:50  DEBUG      snap wall B03 endpoint (90032.746,-248677.728) -> (90075.241,-248656.885)  dist=47.332 mm
2026-07-21 20:06:50  DEBUG      snap wall B04 endpoint (90032.746,-248677.728) -> (90075.241,-248656.885)  dist=47.332 mm
2026-07-21 20:06:50  DEBUG      snap wall B04 endpoint (90117.746,-248677.709) -> (90103.588,-248718.545)  dist=43.221 mm
2026-07-21 20:06:50  DEBUG      snap wall B05 endpoint (90117.746,-248677.709) -> (90103.588,-248718.545)  dist=43.221 mm
2026-07-21 20:06:50  DEBUG      snap wall B05 endpoint (90117.527,-247720.709) -> (90075.027,-247720.718)  dist=42.500 mm
2026-07-21 20:06:50  DEBUG      snap wall B06 endpoint (90117.527,-247720.709) -> (90075.027,-247720.718)  dist=42.500 mm
2026-07-21 20:06:50  DEBUG      snap wall B06 endpoint (90032.527,-247720.728) -> (90075.027,-247720.718)  dist=42.500 mm
2026-07-21 20:06:50  DEBUG      snap wall B12 endpoint (89617.755,-248720.323) -> (89561.082,-248692.002)  dist=63.355 mm
2026-07-21 20:06:50  DEBUG      snap wall B12 endpoint (90075.255,-248720.218) -> (90103.588,-248718.545)  dist=28.382 mm
2026-07-21 20:06:50  DEBUG      snap wall B13 endpoint (90075.255,-248720.218) -> (90103.588,-248718.545)  dist=28.382 mm
2026-07-21 20:06:50  DEBUG      snap wall B13 endpoint (90075.236,-248635.218) -> (90075.241,-248656.885)  dist=21.667 mm
2026-07-21 20:06:50  DEBUG      snap wall B14 endpoint (90075.236,-248635.218) -> (90075.241,-248656.885)  dist=21.667 mm
2026-07-21 20:06:50  DEBUG      snap wall B14 endpoint (89532.736,-248635.342) -> (89561.082,-248692.002)  dist=63.355 mm
2026-07-21 20:06:50  DEBUG      snap wall B15 endpoint (89532.736,-248635.342) -> (89561.082,-248692.002)  dist=63.355 mm
2026-07-21 20:06:50  DEBUG      snap wall B16 endpoint (89532.755,-248720.342) -> (89561.082,-248692.002)  dist=40.069 mm
2026-07-21 20:06:50  DEBUG      snap wall D20 endpoint (49419.189,-255030.008) -> (49461.689,-255029.998)  dist=42.500 mm
2026-07-21 20:06:50  DEBUG      snap wall D20 endpoint (49420.834,-262230.008) -> (49463.334,-262229.998)  dist=42.500 mm
2026-07-21 20:06:50  DEBUG      snap wall D21 endpoint (49420.834,-262230.008) -> (49463.334,-262229.998)  dist=42.500 mm
2026-07-21 20:06:50  DEBUG      snap wall D21 endpoint (49505.834,-262229.988) -> (49463.334,-262229.998)  dist=42.500 mm
2026-07-21 20:06:50  DEBUG      snap wall D22 endpoint (49505.834,-262229.988) -> (49463.334,-262229.998)  dist=42.500 mm
2026-07-21 20:06:50  DEBUG      snap wall D22 endpoint (49504.189,-255029.988) -> (49461.689,-255029.998)  dist=42.500 mm
2026-07-21 20:06:50  DEBUG      snap wall D23 endpoint (49504.189,-255029.988) -> (49461.689,-255029.998)  dist=42.500 mm
2026-07-21 20:06:50  DEBUG      snap wall D23 endpoint (49419.189,-255030.008) -> (49461.689,-255029.998)  dist=42.500 mm
2026-07-21 20:06:50  DEBUG      snap wall D43 endpoint (132819.201,-262210.971) -> (132776.701,-262210.971)  dist=42.500 mm
2026-07-21 20:06:50  DEBUG      snap wall D43 endpoint (132819.201,-261945.951) -> (132819.201,-261903.451)  dist=42.500 mm
2026-07-21 20:06:50  DEBUG      snap wall D44 endpoint (132819.201,-261860.951) -> (132819.201,-261903.451)  dist=42.500 mm
2026-07-21 20:06:50  DEBUG      snap wall D44 endpoint (132819.201,-260460.951) -> (132819.201,-260418.451)  dist=42.500 mm
2026-07-21 20:06:50  DEBUG      snap wall D45 endpoint (132819.201,-260375.951) -> (132819.201,-260418.451)  dist=42.500 mm
2026-07-21 20:06:50  DEBUG      snap wall D45 endpoint (132819.201,-256695.952) -> (132819.201,-256639.285)  dist=56.667 mm
2026-07-21 20:06:50  DEBUG      snap wall D46 endpoint (132819.201,-256610.952) -> (132819.201,-256639.285)  dist=28.333 mm
2026-07-21 20:06:50  DEBUG      snap wall D46 endpoint (132747.201,-256610.969) -> (132740.701,-256610.970)  dist=6.500 mm
2026-07-21 20:06:50  DEBUG      snap wall D47 endpoint (132747.201,-256610.969) -> (132740.701,-256610.970)  dist=6.500 mm
2026-07-21 20:06:50  DEBUG      snap wall D47 endpoint (132734.201,-256610.971) -> (132740.701,-256610.970)  dist=6.500 mm
2026-07-21 20:06:50  DEBUG      snap wall D48 endpoint (132734.201,-256610.971) -> (132740.701,-256610.970)  dist=6.500 mm
2026-07-21 20:06:50  DEBUG      snap wall D48 endpoint (132734.201,-262210.971) -> (132776.701,-262210.971)  dist=42.500 mm
2026-07-21 20:06:50  DEBUG      snap wall D49 endpoint (132734.201,-262210.971) -> (132776.701,-262210.971)  dist=42.500 mm
2026-07-21 20:06:50  DEBUG      snap wall D49 endpoint (132819.201,-262210.971) -> (132776.701,-262210.971)  dist=42.500 mm
2026-07-21 20:06:50  DEBUG      snap wall D4A endpoint (132819.201,-255225.952) -> (132819.201,-255282.619)  dist=56.667 mm
2026-07-21 20:06:50  DEBUG      snap wall D4A endpoint (132819.201,-255010.971) -> (132776.701,-255010.971)  dist=42.500 mm
2026-07-21 20:06:50  DEBUG      snap wall D4B endpoint (132819.201,-255010.971) -> (132776.701,-255010.971)  dist=42.500 mm
2026-07-21 20:06:50  DEBUG      snap wall D4B endpoint (132734.201,-255010.971) -> (132776.701,-255010.971)  dist=42.500 mm
2026-07-21 20:06:50  DEBUG      snap wall D4C endpoint (132734.201,-255010.971) -> (132776.701,-255010.971)  dist=42.500 mm
2026-07-21 20:06:50  DEBUG      snap wall D4C endpoint (132734.201,-255310.971) -> (132742.868,-255310.969)  dist=8.667 mm
2026-07-21 20:06:50  DEBUG      snap wall D4D endpoint (132734.201,-255310.971) -> (132742.868,-255310.969)  dist=8.667 mm
2026-07-21 20:06:50  DEBUG      snap wall D4D endpoint (132747.201,-255310.968) -> (132742.868,-255310.969)  dist=4.333 mm
2026-07-21 20:06:50  DEBUG      snap wall D4E endpoint (132747.201,-255310.968) -> (132742.868,-255310.969)  dist=4.333 mm
2026-07-21 20:06:50  DEBUG      snap wall D4E endpoint (132819.201,-255310.952) -> (132819.201,-255282.619)  dist=28.333 mm
2026-07-21 20:06:50  DEBUG      snap wall D51 endpoint (132819.201,-260460.951) -> (132819.201,-260418.451)  dist=42.500 mm
2026-07-21 20:06:50  DEBUG      snap wall D51 endpoint (132819.201,-261860.951) -> (132819.201,-261903.451)  dist=42.500 mm
2026-07-21 20:06:50  DEBUG      snap wall 1A24 endpoint (57519.007,-254228.157) -> (57529.007,-254228.155)  dist=10.000 mm
2026-07-21 20:06:50  DEBUG      snap wall 1A34 endpoint (122618.821,-253353.283) -> (122618.815,-253328.283)  dist=25.000 mm
2026-07-21 20:06:50  DEBUG      snap wall 1A35 endpoint (122618.809,-253303.283) -> (122618.815,-253328.283)  dist=25.000 mm
2026-07-21 20:06:50  DEBUG      snap wall 1A38 endpoint (122617.655,-248253.283) -> (122584.164,-248290.790)  dist=50.284 mm
2026-07-21 20:06:50  DEBUG      snap wall 1A3B endpoint (122547.667,-248303.299) -> (122584.164,-248290.790)  dist=38.581 mm
2026-07-21 20:06:50  DEBUG      snap wall 1A3C endpoint (122553.667,-248303.297) -> (122584.164,-248290.790)  dist=32.962 mm
2026-07-21 20:06:50  DEBUG      snap wall 1A3C endpoint (122617.667,-248303.283) -> (122584.164,-248290.790)  dist=35.756 mm
2026-07-21 20:06:50  DEBUG      snap wall 1A66 endpoint (46705.834,-262427.443) -> (46663.334,-262427.443)  dist=42.500 mm
2026-07-21 20:06:50  DEBUG      snap wall 1A66 endpoint (46705.834,-261880.627) -> (46659.001,-261880.637)  dist=46.833 mm
2026-07-21 20:06:50  DEBUG      snap wall 1A67 endpoint (46705.834,-261880.627) -> (46659.001,-261880.637)  dist=46.833 mm
2026-07-21 20:06:50  DEBUG      snap wall 1A67 endpoint (46692.834,-261880.630) -> (46659.001,-261880.637)  dist=33.833 mm
2026-07-21 20:06:50  DEBUG      snap wall 1A68 endpoint (46692.834,-261880.630) -> (46659.001,-261880.637)  dist=33.833 mm
2026-07-21 20:06:50  DEBUG      snap wall 1A68 endpoint (46620.834,-261880.646) -> (46659.001,-261880.637)  dist=38.167 mm
2026-07-21 20:06:50  DEBUG      snap wall 1A69 endpoint (46620.834,-262427.443) -> (46663.334,-262427.443)  dist=42.500 mm
2026-07-21 20:06:50  DEBUG      snap wall 1A6A endpoint (46620.834,-262427.443) -> (46663.334,-262427.443)  dist=42.500 mm
2026-07-21 20:06:50  DEBUG      snap wall 1A6A endpoint (46705.834,-262427.443) -> (46663.334,-262427.443)  dist=42.500 mm
2026-07-21 20:06:50  DEBUG      snap wall 1A6B endpoint (46705.834,-260480.627) -> (46659.001,-260480.637)  dist=46.833 mm
2026-07-21 20:06:50  DEBUG      snap wall 1A6B endpoint (46705.834,-256630.628) -> (46666.634,-256630.637)  dist=39.200 mm
2026-07-21 20:06:50  DEBUG      snap wall 1A6C endpoint (46705.834,-256630.628) -> (46666.634,-256630.637)  dist=39.200 mm
2026-07-21 20:06:50  DEBUG      snap wall 1A6C endpoint (46692.834,-256630.631) -> (46666.634,-256630.637)  dist=26.200 mm
2026-07-21 20:06:50  DEBUG      snap wall 1A6D endpoint (46692.834,-256630.631) -> (46666.634,-256630.637)  dist=26.200 mm
2026-07-21 20:06:50  DEBUG      snap wall 1A6D endpoint (46620.834,-256630.647) -> (46666.634,-256630.637)  dist=45.800 mm
2026-07-21 20:06:50  DEBUG      snap wall 1A6F endpoint (46620.834,-260480.646) -> (46659.001,-260480.637)  dist=38.167 mm
2026-07-21 20:06:50  DEBUG      snap wall 1A6F endpoint (46692.834,-260480.630) -> (46659.001,-260480.637)  dist=33.833 mm
2026-07-21 20:06:50  DEBUG      snap wall 1A70 endpoint (46692.834,-260480.630) -> (46659.001,-260480.637)  dist=33.833 mm
2026-07-21 20:06:50  DEBUG      snap wall 1A70 endpoint (46705.834,-260480.627) -> (46659.001,-260480.637)  dist=46.833 mm
2026-07-21 20:06:50  DEBUG      snap wall 1A71 endpoint (46705.834,-255330.628) -> (46666.634,-255330.637)  dist=39.200 mm
2026-07-21 20:06:50  DEBUG      snap wall 1A71 endpoint (46705.834,-254927.443) -> (46663.334,-254927.443)  dist=42.500 mm
2026-07-21 20:06:50  DEBUG      snap wall 1A72 endpoint (46705.834,-254927.443) -> (46663.334,-254927.443)  dist=42.500 mm
2026-07-21 20:06:50  DEBUG      snap wall 1A72 endpoint (46620.834,-254927.443) -> (46663.334,-254927.443)  dist=42.500 mm
2026-07-21 20:06:50  DEBUG      snap wall 1A73 endpoint (46620.834,-254927.443) -> (46663.334,-254927.443)  dist=42.500 mm
2026-07-21 20:06:50  DEBUG      snap wall 1A74 endpoint (46620.834,-255330.647) -> (46666.634,-255330.637)  dist=45.800 mm
2026-07-21 20:06:50  DEBUG      snap wall 1A74 endpoint (46692.834,-255330.631) -> (46666.634,-255330.637)  dist=26.200 mm
2026-07-21 20:06:50  DEBUG      snap wall 1A75 endpoint (46692.834,-255330.631) -> (46666.634,-255330.637)  dist=26.200 mm
2026-07-21 20:06:50  DEBUG      snap wall 1A75 endpoint (46705.834,-255330.628) -> (46666.634,-255330.637)  dist=39.200 mm
2026-07-21 20:06:50  DEBUG      snap wall 1A79 endpoint (46705.834,-260480.627) -> (46659.001,-260480.637)  dist=46.833 mm
2026-07-21 20:06:50  DEBUG      snap wall 1A79 endpoint (46705.834,-261880.627) -> (46659.001,-261880.637)  dist=46.833 mm
2026-07-21 20:06:50  DEBUG      snap wall 1A7A endpoint (46705.834,-260480.627) -> (46659.001,-260480.637)  dist=46.833 mm
2026-07-21 20:06:50  DEBUG      snap wall 1A7A endpoint (46620.834,-260480.646) -> (46659.001,-260480.637)  dist=38.167 mm
2026-07-21 20:06:50  DEBUG      snap wall 1A7B endpoint (46620.834,-261880.646) -> (46659.001,-261880.637)  dist=38.167 mm
2026-07-21 20:06:50  DEBUG      snap wall 1A7B endpoint (46705.834,-261880.627) -> (46659.001,-261880.637)  dist=46.833 mm
2026-07-21 20:06:50  DEBUG      snap wall 1A7C endpoint (46620.834,-261880.646) -> (46659.001,-261880.637)  dist=38.167 mm
2026-07-21 20:06:50  DEBUG      snap wall 1A7C endpoint (46620.834,-260480.646) -> (46659.001,-260480.637)  dist=38.167 mm
2026-07-21 20:06:50  DEBUG      snap wall 1AA2 endpoint (132819.201,-255310.952) -> (132819.201,-255282.619)  dist=28.333 mm
2026-07-21 20:06:50  DEBUG      snap wall 1AA2 endpoint (133019.270,-255310.906) -> (133019.260,-255268.406)  dist=42.500 mm
2026-07-21 20:06:50  DEBUG      snap wall 1AA3 endpoint (133019.270,-255310.906) -> (133019.260,-255268.406)  dist=42.500 mm
2026-07-21 20:06:50  DEBUG      snap wall 1AA3 endpoint (133019.251,-255225.906) -> (133019.260,-255268.406)  dist=42.500 mm
2026-07-21 20:06:50  DEBUG      snap wall 1AA4 endpoint (133019.251,-255225.906) -> (133019.260,-255268.406)  dist=42.500 mm
2026-07-21 20:06:50  DEBUG      snap wall 1AA4 endpoint (132819.201,-255225.952) -> (132819.201,-255282.619)  dist=56.667 mm
2026-07-21 20:06:50  DEBUG      snap wall 1AB1 endpoint (132819.201,-256695.952) -> (132819.201,-256639.285)  dist=56.667 mm
2026-07-21 20:06:50  DEBUG      snap wall 1AB1 endpoint (133019.586,-256695.906) -> (133019.577,-256653.406)  dist=42.500 mm
2026-07-21 20:06:50  DEBUG      snap wall 1AB2 endpoint (133019.586,-256695.906) -> (133019.577,-256653.406)  dist=42.500 mm
2026-07-21 20:06:50  DEBUG      snap wall 1AB2 endpoint (133019.567,-256610.906) -> (133019.577,-256653.406)  dist=42.500 mm
2026-07-21 20:06:50  DEBUG      snap wall 1AB3 endpoint (133019.567,-256610.906) -> (133019.577,-256653.406)  dist=42.500 mm
2026-07-21 20:06:50  DEBUG      snap wall 1AB3 endpoint (132819.201,-256610.952) -> (132819.201,-256639.285)  dist=28.333 mm
2026-07-21 20:06:50  DEBUG      snap wall 1AC0 endpoint (46419.238,-255245.693) -> (46419.248,-255288.193)  dist=42.500 mm
2026-07-21 20:06:50  DEBUG      snap wall 1AC1 endpoint (46419.238,-255245.693) -> (46419.248,-255288.193)  dist=42.500 mm
2026-07-21 20:06:50  DEBUG      snap wall 1AC1 endpoint (46419.258,-255330.693) -> (46419.248,-255288.193)  dist=42.500 mm
2026-07-21 20:06:50  DEBUG      snap wall 1AC2 endpoint (46419.258,-255330.693) -> (46419.248,-255288.193)  dist=42.500 mm
2026-07-21 20:06:50  DEBUG      snap wall 1AC2 endpoint (46620.834,-255330.647) -> (46666.634,-255330.637)  dist=45.800 mm
2026-07-21 20:06:50  DEBUG      snap wall 1ACF endpoint (46620.834,-256630.647) -> (46666.634,-256630.637)  dist=45.800 mm
2026-07-21 20:06:50  DEBUG      snap wall 1ACF endpoint (46419.555,-256630.693) -> (46419.564,-256673.193)  dist=42.500 mm
2026-07-21 20:06:50  DEBUG      snap wall 1AD0 endpoint (46419.555,-256630.693) -> (46419.564,-256673.193)  dist=42.500 mm
2026-07-21 20:06:50  DEBUG      snap wall 1AD0 endpoint (46419.574,-256715.693) -> (46419.564,-256673.193)  dist=42.500 mm
2026-07-21 20:06:50  DEBUG      snap wall 1AD1 endpoint (46419.574,-256715.693) -> (46419.564,-256673.193)  dist=42.500 mm
2026-07-21 20:06:50  DEBUG      snap wall 1B5D endpoint (46620.834,-261880.646) -> (46659.001,-261880.637)  dist=38.167 mm
2026-07-21 20:06:50  DEBUG      snap wall 1B5D endpoint (46420.754,-261880.692) -> (46420.764,-261923.192)  dist=42.500 mm
2026-07-21 20:06:50  DEBUG      snap wall 1B5E endpoint (46420.754,-261880.692) -> (46420.764,-261923.192)  dist=42.500 mm
2026-07-21 20:06:50  DEBUG      snap wall 1B5E endpoint (46420.774,-261965.692) -> (46420.764,-261923.192)  dist=42.500 mm
2026-07-21 20:06:50  DEBUG      snap wall 1B5F endpoint (46420.774,-261965.692) -> (46420.764,-261923.192)  dist=42.500 mm
2026-07-21 20:06:50  DEBUG      snap wall 1B67 endpoint (46420.415,-260395.692) -> (46420.425,-260438.192)  dist=42.500 mm
2026-07-21 20:06:50  DEBUG      snap wall 1B68 endpoint (46420.415,-260395.692) -> (46420.425,-260438.192)  dist=42.500 mm
2026-07-21 20:06:50  DEBUG      snap wall 1B68 endpoint (46420.434,-260480.692) -> (46420.425,-260438.192)  dist=42.500 mm
2026-07-21 20:06:50  DEBUG      snap wall 1B69 endpoint (46420.434,-260480.692) -> (46420.425,-260438.192)  dist=42.500 mm
2026-07-21 20:06:50  DEBUG      snap wall 1B69 endpoint (46620.834,-260480.646) -> (46659.001,-260480.637)  dist=38.167 mm
2026-07-21 20:06:50  DEBUG      snap wall 1B76 endpoint (132819.201,-261945.951) -> (132819.201,-261903.451)  dist=42.500 mm
2026-07-21 20:06:50  DEBUG      snap wall 1B76 endpoint (133020.786,-261945.905) -> (133020.776,-261903.405)  dist=42.500 mm
2026-07-21 20:06:50  DEBUG      snap wall 1B77 endpoint (133020.786,-261945.905) -> (133020.776,-261903.405)  dist=42.500 mm
2026-07-21 20:06:50  DEBUG      snap wall 1B77 endpoint (133020.767,-261860.905) -> (133020.776,-261903.405)  dist=42.500 mm
2026-07-21 20:06:50  DEBUG      snap wall 1B78 endpoint (133020.767,-261860.905) -> (133020.776,-261903.405)  dist=42.500 mm
2026-07-21 20:06:50  DEBUG      snap wall 1B78 endpoint (132819.201,-261860.951) -> (132819.201,-261903.451)  dist=42.500 mm
2026-07-21 20:06:50  DEBUG      snap wall 1B85 endpoint (132819.201,-260460.951) -> (132819.201,-260418.451)  dist=42.500 mm
2026-07-21 20:06:50  DEBUG      snap wall 1B85 endpoint (133020.447,-260460.905) -> (133020.437,-260418.405)  dist=42.500 mm
2026-07-21 20:06:50  DEBUG      snap wall 1B86 endpoint (133020.447,-260460.905) -> (133020.437,-260418.405)  dist=42.500 mm
2026-07-21 20:06:50  DEBUG      snap wall 1B86 endpoint (133020.427,-260375.905) -> (133020.437,-260418.405)  dist=42.500 mm
2026-07-21 20:06:50  DEBUG      snap wall 1B87 endpoint (133020.427,-260375.905) -> (133020.437,-260418.405)  dist=42.500 mm
2026-07-21 20:06:50  DEBUG      snap wall 1B87 endpoint (132819.201,-260375.951) -> (132819.201,-260418.451)  dist=42.500 mm
2026-07-21 20:06:50  DEBUG      snap wall 1B92 endpoint (65121.019,-263026.420) -> (65074.549,-263026.431)  dist=46.471 mm
2026-07-21 20:06:50  DEBUG      snap wall 1B93 endpoint (65121.019,-263026.420) -> (65074.549,-263026.431)  dist=46.471 mm
2026-07-21 20:06:50  DEBUG      snap wall 4420 endpoint (96419.503,-253943.070) -> (96419.503,-253944.545)  dist=1.475 mm
2026-07-21 20:06:50  DEBUG      snap wall 4420 endpoint (97309.503,-253943.070) -> (97319.258,-253945.258)  dist=9.997 mm
2026-07-21 20:06:50  DEBUG      snap wall 4426 endpoint (92565.472,-253950.177) -> (92542.214,-253960.169)  dist=25.313 mm
2026-07-21 20:06:50  DEBUG      snap wall 4427 endpoint (92318.469,-251961.961) -> (92316.970,-251961.961)  dist=1.499 mm
2026-07-21 20:06:50  DEBUG      snap wall 4427 endpoint (92315.472,-251961.961) -> (92316.970,-251961.961)  dist=1.499 mm
2026-07-21 20:06:50  DEBUG      snap wall 4428 endpoint (92315.472,-251961.961) -> (92316.970,-251961.961)  dist=1.499 mm
2026-07-21 20:06:50  DEBUG      snap wall 4428 endpoint (92315.472,-253950.177) -> (92317.214,-253960.192)  dist=10.165 mm
2026-07-21 20:06:50  DEBUG      snap wall 4429 endpoint (92315.472,-253950.177) -> (92317.214,-253960.192)  dist=10.165 mm
2026-07-21 20:06:50  DEBUG      snap wall 4429 endpoint (92565.472,-253950.177) -> (92542.214,-253960.169)  dist=25.313 mm
2026-07-21 20:06:50  DEBUG      snap wall 4431 endpoint (97568.635,-251709.069) -> (97564.069,-251710.445)  dist=4.769 mm
2026-07-21 20:06:50  DEBUG      snap wall 4432 endpoint (97568.635,-251709.069) -> (97564.069,-251710.445)  dist=4.769 mm
2026-07-21 20:06:50  DEBUG      snap wall 71D0 endpoint (96419.503,-251713.041) -> (96419.503,-251712.501)  dist=0.540 mm
2026-07-21 20:06:50  DEBUG      snap wall 71D0 endpoint (96419.503,-251711.961) -> (96419.503,-251712.501)  dist=0.540 mm
2026-07-21 20:06:50  DEBUG      snap wall 71D1 endpoint (96419.503,-251711.961) -> (96419.503,-251712.501)  dist=0.540 mm
2026-07-21 20:06:50  DEBUG      snap wall 71D2 endpoint (92318.469,-251711.961) -> (92317.890,-251711.961)  dist=0.579 mm
2026-07-21 20:06:50  DEBUG      snap wall 71D2 endpoint (92318.469,-251961.961) -> (92316.970,-251961.961)  dist=1.499 mm
2026-07-21 20:06:50  DEBUG      snap wall 7366 endpoint (97329.013,-253943.070) -> (97319.258,-253945.258)  dist=9.997 mm
2026-07-21 20:06:50  DEBUG      snap wall 7368 endpoint (97529.013,-253943.070) -> (97544.258,-253947.445)  dist=15.861 mm
2026-07-21 20:06:50  DEBUG      snap wall 7369 endpoint (97529.013,-253943.070) -> (97544.258,-253947.445)  dist=15.861 mm
2026-07-21 20:06:50  DEBUG      snap wall 7369 endpoint (97329.013,-253943.070) -> (97319.258,-253945.258)  dist=9.997 mm
2026-07-21 20:06:50  DEBUG      snap wall 736F endpoint (97559.503,-253951.820) -> (97544.258,-253947.445)  dist=15.861 mm
2026-07-21 20:06:50  DEBUG      snap wall 736F endpoint (97559.503,-251711.820) -> (97564.069,-251710.445)  dist=4.769 mm
2026-07-21 20:06:50  DEBUG      snap wall 7370 endpoint (97559.503,-251711.820) -> (97564.069,-251710.445)  dist=4.769 mm
2026-07-21 20:06:50  DEBUG      snap wall 7370 endpoint (97309.503,-251711.820) -> (97309.503,-251712.329)  dist=0.509 mm
2026-07-21 20:06:50  DEBUG      snap wall 7371 endpoint (97309.503,-251711.820) -> (97309.503,-251712.329)  dist=0.509 mm
2026-07-21 20:06:50  DEBUG      snap wall 7371 endpoint (97309.503,-251712.838) -> (97309.503,-251712.329)  dist=0.509 mm
2026-07-21 20:06:50  DEBUG      snap wall 7373 endpoint (97309.503,-253943.070) -> (97319.258,-253945.258)  dist=9.997 mm
2026-07-21 20:06:50  DEBUG      snap wall 7373 endpoint (97309.503,-253951.820) -> (97319.258,-253945.258)  dist=11.757 mm
2026-07-21 20:06:50  DEBUG      snap wall 7374 endpoint (97309.503,-253951.820) -> (97319.258,-253945.258)  dist=11.757 mm
2026-07-21 20:06:50  DEBUG      snap wall 7374 endpoint (97559.503,-253951.820) -> (97544.258,-253947.445)  dist=15.861 mm
2026-07-21 20:06:50  DEBUG      snap wall 737B endpoint (97309.503,-251712.838) -> (97309.503,-251712.329)  dist=0.509 mm
2026-07-21 20:06:50  DEBUG      snap wall 737B endpoint (96419.503,-251713.041) -> (96419.503,-251712.501)  dist=0.540 mm
2026-07-21 20:06:50  INFO     Snap pass complete: 665 endpoints moved, 0 degenerate walls removed
2026-07-21 20:06:50  INFO     --- Step 2: find_intersections ---
2026-07-21 20:07:04  DEBUG      intersection L at (46419.564, -256673.193) walls=['1A1', '1A2']
2026-07-21 20:07:04  DEBUG      intersection L at (46421.017, -263030.693) walls=['1A1', '3B7']
2026-07-21 20:07:04  DEBUG      intersection L at (46119.555, -256630.762) walls=['1A2', '1A3']
2026-07-21 20:07:04  DEBUG      intersection L at (46121.086, -263330.762) walls=['1A3', '1A4']
2026-07-21 20:07:04  DEBUG      intersection L at (46421.086, -263330.693) walls=['1A4', '3B5']
2026-07-21 20:07:04  DEBUG      intersection L at (46418.938, -253930.693) walls=['1A5', '1A6']
2026-07-21 20:07:04  DEBUG      intersection L at (46419.248, -255288.193) walls=['1A5', '1A8']
2026-07-21 20:07:04  DEBUG      intersection L at (46118.938, -253930.762) walls=['1A6', '1A7']
2026-07-21 20:07:04  DEBUG      intersection L at (46119.258, -255330.762) walls=['1A7', '1A8']
2026-07-21 20:07:04  DEBUG      intersection L at (46418.597, -252440.693) walls=['1A9', '1AA']
2026-07-21 20:07:04  DEBUG      intersection L at (46418.709, -252930.693) walls=['1A9', '1AC']
2026-07-21 20:07:04  DEBUG      intersection L at (46118.597, -252440.762) walls=['1AA', '1AB']
2026-07-21 20:07:04  DEBUG      intersection L at (46118.709, -252930.762) walls=['1AB', '1AC']
2026-07-21 20:07:04  DEBUG      intersection L at (46417.683, -248440.693) walls=['1AD', '1B0']
2026-07-21 20:07:04  DEBUG      intersection L at (46417.338, -246930.693) walls=['1AD', '216']
2026-07-21 20:07:04  DEBUG      intersection L at (46117.270, -246630.762) walls=['1AE', '1AF']
2026-07-21 20:07:04  DEBUG      intersection L at (46417.270, -246630.694) walls=['1AE', '218']
2026-07-21 20:07:04  DEBUG      intersection L at (46117.683, -248440.762) walls=['1AF', '1B0']
2026-07-21 20:07:04  DEBUG      intersection L at (47817.338, -246929.732) walls=['216', '217']
2026-07-21 20:07:04  DEBUG      intersection L at (47817.305, -246658.781) walls=['217', '218']
2026-07-21 20:07:04  DEBUG      intersection L at (50617.338, -246929.092) walls=['219', '21A']
2026-07-21 20:07:04  DEBUG      intersection L at (48417.338, -246930.237) walls=['219', '21C']
2026-07-21 20:07:04  DEBUG      intersection L at (50617.305, -246658.135) walls=['21A', '21B']
2026-07-21 20:07:04  DEBUG      intersection L at (48417.270, -246630.237) walls=['21B', '21C']
2026-07-21 20:07:04  DEBUG      intersection L at (53417.338, -246928.452) walls=['21D', '21E']
2026-07-21 20:07:04  DEBUG      intersection L at (51217.338, -246929.597) walls=['21D', '220']
2026-07-21 20:07:04  DEBUG      intersection L at (53417.305, -246657.499) walls=['21E', '21F']
2026-07-21 20:07:04  DEBUG      intersection L at (51217.270, -246629.597) walls=['21F', '220']
2026-07-21 20:07:04  DEBUG      intersection L at (56217.338, -246927.813) walls=['221', '222']
2026-07-21 20:07:04  DEBUG      intersection L at (54017.338, -246928.957) walls=['221', '224']
2026-07-21 20:07:04  DEBUG      intersection L at (56217.305, -246656.859) walls=['222', '223']
2026-07-21 20:07:04  DEBUG      intersection L at (54017.270, -246628.957) walls=['223', '224']
2026-07-21 20:07:04  DEBUG      intersection L at (56817.338, -246928.317) walls=['225', '229']
2026-07-21 20:07:04  DEBUG      intersection L at (57317.339, -246928.203) walls=['225', '1A23']
2026-07-21 20:07:04  DEBUG      intersection L at (59017.338, -246927.173) walls=['226', '227']
2026-07-21 20:07:04  DEBUG      intersection L at (57517.339, -246928.157) walls=['226', '1A24']
2026-07-21 20:07:04  DEBUG      intersection L at (59017.305, -246656.218) walls=['227', '228']
2026-07-21 20:07:04  DEBUG      intersection L at (56817.270, -246628.317) walls=['228', '229']
2026-07-21 20:07:04  DEBUG      intersection L at (61817.338, -246926.533) walls=['22A', '22B']
2026-07-21 20:07:04  DEBUG      intersection L at (59617.338, -246927.677) walls=['22A', '22D']
2026-07-21 20:07:04  DEBUG      intersection L at (61817.305, -246655.580) walls=['22B', '22C']
2026-07-21 20:07:04  DEBUG      intersection L at (59617.269, -246627.677) walls=['22C', '22D']
2026-07-21 20:07:04  DEBUG      intersection L at (64617.338, -246925.893) walls=['22E', '22F']
2026-07-21 20:07:04  DEBUG      intersection L at (62417.338, -246927.038) walls=['22E', '231']
2026-07-21 20:07:04  DEBUG      intersection L at (64617.305, -246654.940) walls=['22F', '230']
2026-07-21 20:07:04  DEBUG      intersection L at (62417.269, -246627.038) walls=['230', '231']
2026-07-21 20:07:04  DEBUG      intersection L at (67417.338, -246925.254) walls=['232', '233']
2026-07-21 20:07:04  DEBUG      intersection L at (65217.338, -246926.398) walls=['232', '235']
2026-07-21 20:07:04  DEBUG      intersection L at (67417.305, -246654.300) walls=['233', '234']
2026-07-21 20:07:04  DEBUG      intersection L at (65217.269, -246626.398) walls=['234', '235']
2026-07-21 20:07:04  DEBUG      intersection L at (70117.338, -246924.637) walls=['236', '237']
2026-07-21 20:07:04  DEBUG      intersection L at (68017.338, -246925.758) walls=['236', '239']
2026-07-21 20:07:04  DEBUG      intersection L at (70117.304, -246653.686) walls=['237', '238']
2026-07-21 20:07:04  DEBUG      intersection L at (68017.269, -246625.758) walls=['238', '239']
2026-07-21 20:07:04  DEBUG      intersection L at (73017.337, -246923.974) walls=['23A', '23B']
2026-07-21 20:07:04  DEBUG      intersection L at (70717.338, -246925.141) walls=['23A', '23D']
2026-07-21 20:07:04  DEBUG      intersection L at (73017.304, -246653.020) walls=['23B', '23C']
2026-07-21 20:07:04  DEBUG      intersection L at (70717.269, -246625.141) walls=['23C', '23D']
2026-07-21 20:07:04  DEBUG      intersection L at (75817.337, -246923.334) walls=['23E', '23F']
2026-07-21 20:07:04  DEBUG      intersection L at (73617.338, -246924.479) walls=['23E', '241']
2026-07-21 20:07:04  DEBUG      intersection L at (75817.304, -246652.381) walls=['23F', '240']
2026-07-21 20:07:04  DEBUG      intersection L at (73617.269, -246624.479) walls=['240', '241']
2026-07-21 20:07:04  DEBUG      intersection L at (81417.337, -246922.055) walls=['242', '243']
2026-07-21 20:07:04  DEBUG      intersection L at (76417.338, -246923.839) walls=['242', '245']
2026-07-21 20:07:04  DEBUG      intersection L at (81417.304, -246651.102) walls=['243', '244']
2026-07-21 20:07:04  DEBUG      intersection L at (76417.269, -246623.839) walls=['244', '245']
2026-07-21 20:07:04  DEBUG      intersection L at (84217.337, -246921.415) walls=['246', '247']
2026-07-21 20:07:04  DEBUG      intersection L at (82017.337, -246922.559) walls=['246', '249']
2026-07-21 20:07:04  DEBUG      intersection L at (84217.304, -246650.464) walls=['247', '248']
2026-07-21 20:07:04  DEBUG      intersection L at (82017.269, -246622.559) walls=['248', '249']
2026-07-21 20:07:04  DEBUG      intersection L at (87017.337, -246920.775) walls=['24A', '24B']
2026-07-21 20:07:04  DEBUG      intersection L at (84817.337, -246921.920) walls=['24A', '24D']
2026-07-21 20:07:04  DEBUG      intersection L at (87017.304, -246649.822) walls=['24B', '24C']
2026-07-21 20:07:04  DEBUG      intersection L at (84817.269, -246621.920) walls=['24C', '24D']
2026-07-21 20:07:04  DEBUG      intersection L at (87617.337, -246921.280) walls=['24E', '253']
2026-07-21 20:07:04  DEBUG      intersection L at (89117.344, -246920.937) walls=['24E', '323']
2026-07-21 20:07:04  DEBUG      intersection L at (89317.344, -246920.891) walls=['24F', '322']
2026-07-21 20:07:04  DEBUG      intersection L at (92317.311, -246920.206) walls=['24F', '94C']
2026-07-21 20:07:04  DEBUG      intersection L at (93772.345, -246919.236) walls=['250', '251']
2026-07-21 20:07:04  DEBUG      intersection L at (92517.311, -246920.160) walls=['250', '94B']
2026-07-21 20:07:04  DEBUG      intersection L at (93807.357, -246619.865) walls=['251', '252']
2026-07-21 20:07:04  DEBUG      intersection L at (87617.269, -246621.280) walls=['252', '253']
2026-07-21 20:07:04  DEBUG      intersection L at (95702.345, -246918.795) walls=['254', '258']
2026-07-21 20:07:04  DEBUG      intersection L at (101867.346, -246918.024) walls=['254', '1A96']
2026-07-21 20:07:04  DEBUG      intersection L at (103017.351, -246917.120) walls=['255', '256']
2026-07-21 20:07:04  DEBUG      intersection L at (102067.346, -246917.978) walls=['255', '1A95']
2026-07-21 20:07:04  DEBUG      intersection L at (103017.315, -246646.169) walls=['256', '257']
2026-07-21 20:07:04  DEBUG      intersection L at (95702.283, -246647.840) walls=['257', '258']
2026-07-21 20:07:04  DEBUG      intersection L at (108617.351, -246915.840) walls=['259', '25A']
2026-07-21 20:07:04  DEBUG      intersection L at (103617.351, -246917.624) walls=['259', '25C']
2026-07-21 20:07:04  DEBUG      intersection L at (108617.315, -246644.887) walls=['25A', '25B']
2026-07-21 20:07:04  DEBUG      intersection L at (103617.282, -246617.624) walls=['25B', '25C']
2026-07-21 20:07:04  DEBUG      intersection L at (111417.351, -246915.201) walls=['25D', '25E']
2026-07-21 20:07:04  DEBUG      intersection L at (109217.351, -246916.345) walls=['25D', '260']
2026-07-21 20:07:04  DEBUG      intersection L at (111417.315, -246644.247) walls=['25E', '25F']
2026-07-21 20:07:04  DEBUG      intersection L at (109217.282, -246616.345) walls=['25F', '260']
2026-07-21 20:07:04  DEBUG      intersection L at (117017.350, -246913.921) walls=['261', '262']
2026-07-21 20:07:04  DEBUG      intersection L at (112017.351, -246915.705) walls=['261', '264']
2026-07-21 20:07:04  DEBUG      intersection L at (117017.315, -246642.968) walls=['262', '263']
2026-07-21 20:07:04  DEBUG      intersection L at (112017.282, -246615.705) walls=['263', '264']
2026-07-21 20:07:04  DEBUG      intersection L at (119817.350, -246913.281) walls=['265', '266']
2026-07-21 20:07:04  DEBUG      intersection L at (117617.351, -246914.425) walls=['265', '268']
2026-07-21 20:07:04  DEBUG      intersection L at (119817.315, -246642.328) walls=['266', '267']
2026-07-21 20:07:04  DEBUG      intersection L at (117617.282, -246614.425) walls=['267', '268']
2026-07-21 20:07:04  DEBUG      intersection L at (122717.350, -246912.613) walls=['269', '26A']
2026-07-21 20:07:04  DEBUG      intersection L at (120417.351, -246913.785) walls=['269', '26C']
2026-07-21 20:07:04  DEBUG      intersection L at (122717.315, -246641.667) walls=['26A', '26B']
2026-07-21 20:07:04  DEBUG      intersection L at (120417.282, -246613.785) walls=['26B', '26C']
2026-07-21 20:07:04  DEBUG      intersection L at (125417.349, -246912.002) walls=['26D', '26E']
2026-07-21 20:07:04  DEBUG      intersection L at (123317.350, -246913.123) walls=['26D', '270']
2026-07-21 20:07:04  DEBUG      intersection L at (125417.314, -246641.048) walls=['26E', '26F']
2026-07-21 20:07:04  DEBUG      intersection L at (123317.282, -246613.123) walls=['26F', '270']
2026-07-21 20:07:04  DEBUG      intersection L at (128217.350, -246911.362) walls=['271', '272']
2026-07-21 20:07:04  DEBUG      intersection L at (126017.349, -246912.506) walls=['271', '274']
2026-07-21 20:07:04  DEBUG      intersection L at (128217.315, -246640.409) walls=['272', '273']
2026-07-21 20:07:04  DEBUG      intersection L at (126017.280, -246612.506) walls=['273', '274']
2026-07-21 20:07:04  DEBUG      intersection L at (131017.350, -246910.722) walls=['275', '276']
2026-07-21 20:07:04  DEBUG      intersection L at (128817.350, -246911.866) walls=['275', '278']
2026-07-21 20:07:04  DEBUG      intersection L at (131017.315, -246639.767) walls=['276', '277']
2026-07-21 20:07:04  DEBUG      intersection L at (128817.282, -246611.866) walls=['277', '278']
2026-07-21 20:07:04  DEBUG      intersection L at (131617.350, -246911.226) walls=['279', '27C']
2026-07-21 20:07:04  DEBUG      intersection L at (133017.351, -246910.907) walls=['279', '306']
2026-07-21 20:07:04  DEBUG      intersection L at (133317.282, -246610.838) walls=['27A', '27B']
2026-07-21 20:07:04  DEBUG      intersection L at (133317.351, -246910.838) walls=['27A', '305']
2026-07-21 20:07:04  DEBUG      intersection L at (131617.282, -246611.226) walls=['27B', '27C']
2026-07-21 20:07:04  DEBUG      intersection L at (133319.567, -256610.838) walls=['301', '302']
2026-07-21 20:07:04  DEBUG      intersection L at (133321.098, -263310.838) walls=['301', '304']
2026-07-21 20:07:04  DEBUG      intersection L at (133019.577, -256653.406) walls=['302', '303']
2026-07-21 20:07:04  DEBUG      intersection L at (133021.029, -263010.906) walls=['303', '413']
2026-07-21 20:07:04  DEBUG      intersection T at (133020.776, -261903.405) walls=['303', '1B76']
2026-07-21 20:07:04  DEBUG      intersection L at (133021.098, -263310.906) walls=['304', '412']
2026-07-21 20:07:04  DEBUG      intersection L at (133319.270, -255310.838) walls=['305', '307']
2026-07-21 20:07:04  DEBUG      intersection L at (133019.260, -255268.406) walls=['306', '307']
2026-07-21 20:07:04  DEBUG      intersection L at (50019.189, -255029.871) walls=['30E', '30F']
2026-07-21 20:07:04  DEBUG      intersection L at (50020.834, -262229.871) walls=['30E', '311']
2026-07-21 20:07:04  DEBUG      intersection L at (49819.189, -255029.916) walls=['30F', '310']
2026-07-21 20:07:04  DEBUG      intersection L at (49820.834, -262229.916) walls=['310', '311']
2026-07-21 20:07:04  DEBUG      intersection L at (122619.200, -255013.283) walls=['318', '319']
2026-07-21 20:07:04  DEBUG      intersection L at (122620.845, -262213.282) walls=['318', '31B']
2026-07-21 20:07:04  DEBUG      intersection L at (122419.200, -255013.328) walls=['319', '31A']
2026-07-21 20:07:04  DEBUG      intersection L at (122420.845, -262213.328) walls=['31A', '31B']
2026-07-21 20:07:04  DEBUG      intersection L at (89319.195, -255020.891) walls=['322', '325']
2026-07-21 20:07:04  DEBUG      intersection L at (89117.893, -249320.937) walls=['323', '943']
2026-07-21 20:07:04  DEBUG      intersection L at (89117.938, -249520.937) walls=['324', '942']
2026-07-21 20:07:04  DEBUG      intersection L at (89119.149, -254820.937) walls=['324', '247F']
2026-07-21 20:07:04  DEBUG      intersection L at (89119.195, -255020.937) walls=['325', '247E']
2026-07-21 20:07:04  DEBUG      intersection L at (57541.018, -263028.152) walls=['345', '3C2']
2026-07-21 20:07:04  DEBUG      intersection L at (57529.007, -254228.155) walls=['345', '1A24']
2026-07-21 20:07:04  DEBUG      intersection L at (57341.018, -263028.198) walls=['347', '3C3']
2026-07-21 20:07:04  DEBUG      intersection L at (57339.053, -254428.198) walls=['347', '9CE']
2026-07-21 20:07:04  DEBUG      intersection L at (47821.078, -263298.461) walls=['3B5', '3B6']
2026-07-21 20:07:04  DEBUG      intersection L at (47821.017, -263030.373) walls=['3B6', '3B7']
2026-07-21 20:07:04  DEBUG      intersection L at (50058.131, -263329.862) walls=['3B8', '3B9']
2026-07-21 20:07:04  DEBUG      intersection L at (48421.085, -263330.236) walls=['3B8', '3BB']
2026-07-21 20:07:04  DEBUG      intersection L at (50058.062, -263029.862) walls=['3B9', '3BA']
2026-07-21 20:07:04  DEBUG      intersection L at (48421.017, -263030.300) walls=['3BA', '3BB']
2026-07-21 20:07:04  DEBUG      intersection L at (51721.087, -263329.482) walls=['3BC', '3BD']
2026-07-21 20:07:04  DEBUG      intersection L at (51058.131, -263329.634) walls=['3BC', '3BF']
2026-07-21 20:07:04  DEBUG      intersection L at (51721.018, -263029.482) walls=['3BD', '3BE']
2026-07-21 20:07:04  DEBUG      intersection L at (51058.062, -263029.634) walls=['3BE', '3BF']
2026-07-21 20:07:04  DEBUG      intersection L at (59221.087, -263327.768) walls=['3C0', '3C1']
2026-07-21 20:07:04  DEBUG      intersection L at (55721.087, -263328.568) walls=['3C0', '3C4']
2026-07-21 20:07:04  DEBUG      intersection L at (59221.018, -263027.768) walls=['3C1', '3C2']
2026-07-21 20:07:04  DEBUG      intersection L at (55721.018, -263028.568) walls=['3C3', '3C4']
2026-07-21 20:07:04  DEBUG      intersection L at (64028.147, -263326.670) walls=['3C5', '3C6']
2026-07-21 20:07:04  DEBUG      intersection L at (63221.086, -263326.854) walls=['3C5', '3C8']
2026-07-21 20:07:04  DEBUG      intersection L at (64028.078, -263026.670) walls=['3C6', '3C7']
2026-07-21 20:07:04  DEBUG      intersection L at (63221.018, -263026.854) walls=['3C7', '3C8']
2026-07-21 20:07:04  DEBUG      intersection L at (67421.078, -263293.986) walls=['3C9', '3CA']
2026-07-21 20:07:04  DEBUG      intersection L at (65028.147, -263326.442) walls=['3C9', '3CC']
2026-07-21 20:07:04  DEBUG      intersection L at (67421.074, -263025.895) walls=['3CA', '3CB']
2026-07-21 20:07:04  DEBUG      intersection L at (65074.549, -263026.431) walls=['3CB', '3CC']
2026-07-21 20:07:04  DEBUG      intersection L at (70121.092, -263293.369) walls=['3CD', '3CE']
2026-07-21 20:07:04  DEBUG      intersection L at (68021.085, -263325.758) walls=['3CD', '3D0']
2026-07-21 20:07:04  DEBUG      intersection L at (70121.083, -263025.278) walls=['3CE', '3CF']
2026-07-21 20:07:04  DEBUG      intersection L at (68021.016, -263025.758) walls=['3CF', '3D0']
2026-07-21 20:07:04  DEBUG      intersection L at (73021.078, -263292.707) walls=['3D1', '3D2']
2026-07-21 20:07:04  DEBUG      intersection L at (70721.099, -263325.141) walls=['3D1', '3D4']
2026-07-21 20:07:04  DEBUG      intersection L at (73021.074, -263024.615) walls=['3D2', '3D3']
2026-07-21 20:07:04  DEBUG      intersection L at (70721.030, -263025.141) walls=['3D3', '3D4']
2026-07-21 20:07:04  DEBUG      intersection L at (75821.077, -263292.064) walls=['3D5', '3D6']
2026-07-21 20:07:04  DEBUG      intersection L at (73621.085, -263324.478) walls=['3D5', '3D8']
2026-07-21 20:07:04  DEBUG      intersection L at (75821.074, -263023.976) walls=['3D6', '3D7']
2026-07-21 20:07:04  DEBUG      intersection L at (73621.016, -263024.478) walls=['3D7', '3D8']
2026-07-21 20:07:04  DEBUG      intersection L at (81678.128, -263322.637) walls=['3D9', '3DA']
2026-07-21 20:07:04  DEBUG      intersection L at (76421.085, -263323.838) walls=['3D9', '3DC']
2026-07-21 20:07:04  DEBUG      intersection L at (81678.059, -263022.637) walls=['3DA', '3DB']
2026-07-21 20:07:04  DEBUG      intersection L at (76421.016, -263023.838) walls=['3DB', '3DC']
2026-07-21 20:07:04  DEBUG      intersection T at (81421.023, -263022.696) walls=['3DB', '573']
2026-07-21 20:07:04  DEBUG      intersection T at (81221.023, -263022.742) walls=['3DB', '575']
2026-07-21 20:07:04  DEBUG      intersection L at (83921.092, -263322.125) walls=['3DD', '3DE']
2026-07-21 20:07:04  DEBUG      intersection L at (82678.128, -263322.409) walls=['3DD', '3E0']
2026-07-21 20:07:04  DEBUG      intersection L at (83921.023, -263022.125) walls=['3DE', '3DF']
2026-07-21 20:07:04  DEBUG      intersection L at (82678.059, -263022.409) walls=['3DF', '3E0']
2026-07-21 20:07:04  DEBUG      intersection L at (88321.077, -263289.214) walls=['3E1', '3E2']
2026-07-21 20:07:04  DEBUG      intersection L at (87421.091, -263321.325) walls=['3E1', '3E4']
2026-07-21 20:07:04  DEBUG      intersection L at (88321.073, -263021.119) walls=['3E2', '3E3']
2026-07-21 20:07:04  DEBUG      intersection L at (87421.023, -263021.325) walls=['3E3', '3E4']
2026-07-21 20:07:04  DEBUG      intersection T at (87721.022, -263021.257) walls=['3E3', '55F']
2026-07-21 20:07:04  DEBUG      intersection X at (87846.833, -263021.228) walls=['3E3', '560']
2026-07-21 20:07:04  DEBUG      intersection L at (90632.175, -263320.591) walls=['3E5', '3E6']
2026-07-21 20:07:04  DEBUG      intersection L at (88921.084, -263320.982) walls=['3E5', '3E8']
2026-07-21 20:07:04  DEBUG      intersection L at (90626.564, -263020.593) walls=['3E6', '3E7']
2026-07-21 20:07:04  DEBUG      intersection L at (88921.016, -263020.982) walls=['3E7', '3E8']
2026-07-21 20:07:04  DEBUG      intersection L at (95121.077, -263287.654) walls=['3E9', '3EA']
2026-07-21 20:07:04  DEBUG      intersection L at (92732.175, -263320.112) walls=['3E9', '3EC']
2026-07-21 20:07:04  DEBUG      intersection L at (95121.073, -263019.566) walls=['3EA', '3EB']
2026-07-21 20:07:04  DEBUG      intersection L at (92732.106, -263020.112) walls=['3EB', '3EC']
2026-07-21 20:07:04  DEBUG      intersection L at (99721.093, -263318.515) walls=['3ED', '3EE']
2026-07-21 20:07:04  DEBUG      intersection L at (95721.084, -263319.429) walls=['3ED', '3F1']
2026-07-21 20:07:04  DEBUG      intersection L at (99721.024, -263018.515) walls=['3EE', '3EF']
2026-07-21 20:07:04  DEBUG      intersection L at (96763.523, -263019.190) walls=['3EF', '3F0']
2026-07-21 20:07:04  DEBUG      intersection L at (95721.016, -263019.429) walls=['3F0', '3F1']
2026-07-21 20:07:04  DEBUG      intersection L at (106923.162, -263316.869) walls=['3F2', '3F3']
2026-07-21 20:07:04  DEBUG      intersection L at (103721.092, -263317.601) walls=['3F2', '3F5']
2026-07-21 20:07:04  DEBUG      intersection L at (106923.093, -263016.869) walls=['3F3', '3F4']
2026-07-21 20:07:04  DEBUG      intersection L at (103721.024, -263017.601) walls=['3F4', '3F5']
2026-07-21 20:07:04  DEBUG      intersection L at (108621.091, -263284.568) walls=['3F6', '3F7']
2026-07-21 20:07:04  DEBUG      intersection L at (108223.162, -263316.572) walls=['3F6', '3F9']
2026-07-21 20:07:04  DEBUG      intersection L at (108621.082, -263016.481) walls=['3F7', '3F8']
2026-07-21 20:07:04  DEBUG      intersection L at (108223.093, -263016.572) walls=['3F8', '3F9']
2026-07-21 20:07:04  DEBUG      intersection L at (111421.091, -263283.930) walls=['3FA', '3FB']
2026-07-21 20:07:04  DEBUG      intersection L at (109221.098, -263316.344) walls=['3FA', '3FD']
2026-07-21 20:07:04  DEBUG      intersection L at (111421.082, -263015.841) walls=['3FB', '3FC']
2026-07-21 20:07:04  DEBUG      intersection L at (109221.029, -263016.344) walls=['3FC', '3FD']
2026-07-21 20:07:04  DEBUG      intersection L at (117021.090, -263282.652) walls=['3FE', '3FF']
2026-07-21 20:07:04  DEBUG      intersection L at (112021.098, -263315.704) walls=['3FE', '401']
2026-07-21 20:07:04  DEBUG      intersection L at (117021.082, -263014.562) walls=['3FF', '400']
2026-07-21 20:07:04  DEBUG      intersection L at (112021.029, -263015.704) walls=['400', '401']
2026-07-21 20:07:04  DEBUG      intersection L at (119821.090, -263282.011) walls=['402', '403']
2026-07-21 20:07:04  DEBUG      intersection L at (117621.098, -263314.425) walls=['402', '405']
2026-07-21 20:07:04  DEBUG      intersection L at (119821.082, -263013.922) walls=['403', '404']
2026-07-21 20:07:04  DEBUG      intersection L at (117621.029, -263014.425) walls=['404', '405']
2026-07-21 20:07:04  DEBUG      intersection L at (123721.096, -263313.031) walls=['406', '407']
2026-07-21 20:07:04  DEBUG      intersection L at (120421.098, -263313.785) walls=['406', '409']
2026-07-21 20:07:04  DEBUG      intersection L at (123721.028, -263013.031) walls=['407', '408']
2026-07-21 20:07:04  DEBUG      intersection L at (120421.029, -263013.785) walls=['408', '409']
2026-07-21 20:07:04  DEBUG      intersection L at (128328.156, -263311.978) walls=['40A', '40B']
2026-07-21 20:07:04  DEBUG      intersection L at (127721.096, -263312.117) walls=['40A', '40D']
2026-07-21 20:07:04  DEBUG      intersection L at (128328.088, -263011.978) walls=['40B', '40C']
2026-07-21 20:07:04  DEBUG      intersection L at (127721.028, -263012.117) walls=['40C', '40D']
2026-07-21 20:07:04  DEBUG      intersection L at (131021.090, -263279.455) walls=['40E', '40F']
2026-07-21 20:07:04  DEBUG      intersection L at (129328.156, -263311.750) walls=['40E', '411']
2026-07-21 20:07:04  DEBUG      intersection L at (131021.082, -263011.363) walls=['40F', '410']
2026-07-21 20:07:04  DEBUG      intersection L at (129328.088, -263011.750) walls=['410', '411']
2026-07-21 20:07:04  DEBUG      intersection L at (131621.097, -263311.226) walls=['412', '414']
2026-07-21 20:07:04  DEBUG      intersection L at (131621.029, -263011.236) walls=['413', '414']
2026-07-21 20:07:04  DEBUG      intersection L at (92870.474, -260620.080) walls=['459', '45A']
2026-07-21 20:07:04  DEBUG      intersection L at (93620.474, -260619.909) walls=['459', '45C']
2026-07-21 20:07:04  DEBUG      intersection L at (92870.520, -260820.080) walls=['45A', '45B']
2026-07-21 20:07:04  DEBUG      intersection L at (93420.520, -260819.954) walls=['45B', 'AD9']
2026-07-21 20:07:04  DEBUG      intersection L at (93620.520, -260819.909) walls=['45C', 'ADB']
2026-07-21 20:07:04  DEBUG      intersection L at (91370.474, -260620.423) walls=['45D', '45F']
2026-07-21 20:07:04  DEBUG      intersection L at (90620.474, -260620.594) walls=['45D', '473']
2026-07-21 20:07:04  DEBUG      intersection L at (91370.520, -260820.423) walls=['45E', '45F']
2026-07-21 20:07:04  DEBUG      intersection L at (90620.520, -260820.594) walls=['45E', '472']
2026-07-21 20:07:04  DEBUG      intersection L at (90419.058, -254420.640) walls=['46B', '48C']
2026-07-21 20:07:04  DEBUG      intersection L at (90419.149, -254820.640) walls=['46B', '2486']
2026-07-21 20:07:04  DEBUG      intersection L at (90419.378, -255820.640) walls=['46C', '46D']
2026-07-21 20:07:04  DEBUG      intersection L at (90419.195, -255020.640) walls=['46C', '2485']
2026-07-21 20:07:04  DEBUG      intersection L at (90619.378, -255820.594) walls=['46D', '46E']
2026-07-21 20:07:04  DEBUG      intersection L at (90619.058, -254420.594) walls=['46E', '48D']
2026-07-21 20:07:04  DEBUG      intersection L at (90419.675, -257120.640) walls=['46F', '474']
2026-07-21 20:07:04  DEBUG      intersection L at (90420.840, -262220.640) walls=['46F', '41A0']
2026-07-21 20:07:04  DEBUG      intersection L at (90421.023, -263020.640) walls=['470', '471']
2026-07-21 20:07:04  DEBUG      intersection L at (90420.886, -262420.640) walls=['470', '419F']
2026-07-21 20:07:04  DEBUG      intersection L at (90619.675, -257120.594) walls=['473', '474']
2026-07-21 20:07:04  DEBUG      intersection L at (90119.058, -254420.708) walls=['48C', '490']
2026-07-21 20:07:04  DEBUG      intersection L at (91319.059, -254420.434) walls=['48D', '48E']
2026-07-21 20:07:04  DEBUG      intersection L at (91319.014, -254220.434) walls=['48E', '48F']
2026-07-21 20:07:04  DEBUG      intersection L at (90119.012, -254220.708) walls=['48F', '490']
2026-07-21 20:07:04  DEBUG      intersection L at (91100.267, -248772.984) walls=['4B6', '4B7']
2026-07-21 20:07:04  DEBUG      intersection L at (90103.588, -248718.545) walls=['4B6', '4BA']
2026-07-21 20:07:04  DEBUG      intersection L at (92263.377, -248720.348) walls=['4B7', '4B9']
2026-07-21 20:07:04  DEBUG      intersection X at (91159.596, -248770.299) walls=['4B7', '4D8']
2026-07-21 20:07:04  DEBUG      intersection L at (91312.765, -248757.436) walls=['4B9', '4BA']
2026-07-21 20:07:04  DEBUG      intersection X at (91164.588, -248752.670) walls=['4BA', '4D8']
2026-07-21 20:07:04  DEBUG      intersection X at (91121.495, -248751.284) walls=['4BA', '4E3']
2026-07-21 20:07:04  DEBUG      intersection X at (91312.751, -248692.522) walls=['4BB', '4C5']
2026-07-21 20:07:04  DEBUG      intersection L at (91182.701, -248688.715) walls=['4BB', '4D8']
2026-07-21 20:07:04  DEBUG      intersection L at (90075.241, -248656.885) walls=['4BD', '4BE']
2026-07-21 20:07:04  DEBUG      intersection X at (90101.827, -248657.006) walls=['4BD', 'B05']
2026-07-21 20:07:04  DEBUG      intersection L at (91312.743, -248657.436) walls=['4BE', '4BF']
2026-07-21 20:07:04  DEBUG      intersection X at (90101.824, -248656.897) walls=['4BE', 'B05']
2026-07-21 20:07:04  DEBUG      intersection L at (92222.747, -248676.591) walls=['4BF', '4C0']
2026-07-21 20:07:04  DEBUG      intersection L at (91080.471, -249665.489) walls=['4CA', '4DE']
2026-07-21 20:07:04  DEBUG      intersection L at (89618.187, -250607.823) walls=['4D0', '4D4']
2026-07-21 20:07:04  DEBUG      intersection L at (91143.187, -250607.474) walls=['4D0', '4D5']
2026-07-21 20:07:04  DEBUG      intersection L at (89618.164, -250507.823) walls=['4D2', '4D4']
2026-07-21 20:07:04  DEBUG      intersection L at (91122.330, -250507.479) walls=['4D2', '4D5']
2026-07-21 20:07:04  DEBUG      intersection L at (91146.944, -248814.973) walls=['4D8', '4D9']
2026-07-21 20:07:04  DEBUG      intersection L at (91180.416, -249424.966) walls=['4DA', '4E2']
2026-07-21 20:07:04  DEBUG      intersection L at (91180.452, -249582.466) walls=['4DA', '4E8']
2026-07-21 20:07:04  DEBUG      intersection L at (91080.416, -249424.989) walls=['4DE', '4E2']
2026-07-21 20:07:04  DEBUG      intersection L at (91113.961, -250349.981) walls=['4E6', '4EA']
2026-07-21 20:07:04  DEBUG      intersection L at (91180.664, -250507.466) walls=['4E6', '4EE']
2026-07-21 20:07:04  DEBUG      intersection L at (91147.155, -249739.973) walls=['4E8', '4F1']
2026-07-21 20:07:04  DEBUG      intersection L at (89618.352, -251332.823) walls=['52F', '533']
2026-07-21 20:07:04  DEBUG      intersection L at (90218.352, -251332.686) walls=['52F', '534']
2026-07-21 20:07:04  DEBUG      intersection L at (89618.329, -251232.823) walls=['531', '533']
2026-07-21 20:07:04  DEBUG      intersection L at (90218.329, -251232.686) walls=['531', '534']
2026-07-21 20:07:04  DEBUG      intersection L at (96419.503, -253693.070) walls=['53E', '441F']
2026-07-21 20:07:04  DEBUG      intersection L at (96419.503, -251963.041) walls=['53E', '737C']
2026-07-21 20:07:04  DEBUG      intersection L at (96169.503, -253946.021) walls=['53F', '540']
2026-07-21 20:07:04  DEBUG      intersection L at (96169.503, -251961.961) walls=['53F', '71CF']
2026-07-21 20:07:04  DEBUG      intersection L at (96419.503, -253944.545) walls=['540', '4420']
2026-07-21 20:07:04  DEBUG      intersection L at (79619.195, -255023.108) walls=['547', '54C']
2026-07-21 20:07:04  DEBUG      intersection L at (81219.195, -255022.742) walls=['547', '1BAE']
2026-07-21 20:07:04  DEBUG      intersection L at (82919.195, -255022.354) walls=['548', '549']
2026-07-21 20:07:04  DEBUG      intersection L at (81419.195, -255022.696) walls=['548', '1BAD']
2026-07-21 20:07:04  DEBUG      intersection L at (82919.149, -254822.354) walls=['549', '54A']
2026-07-21 20:07:04  DEBUG      intersection L at (80519.150, -254822.902) walls=['54A', 'E89']
2026-07-21 20:07:04  DEBUG      intersection L at (79619.150, -254823.108) walls=['54B', '54C']
2026-07-21 20:07:04  DEBUG      intersection L at (80319.150, -254822.948) walls=['54B', 'E8B']
2026-07-21 20:07:04  DEBUG      intersection L at (87920.199, -259421.211) walls=['55D', '55E']
2026-07-21 20:07:04  DEBUG      intersection L at (87921.022, -263021.211) walls=['55D', '560']
2026-07-21 20:07:04  DEBUG      intersection L at (87720.199, -259421.257) walls=['55E', '55F']
2026-07-21 20:07:04  DEBUG      intersection L at (87919.673, -257121.211) walls=['561', '562']
2026-07-21 20:07:04  DEBUG      intersection L at (87919.742, -257421.280) walls=['561', '564']
2026-07-21 20:07:04  DEBUG      intersection L at (87719.673, -257121.257) walls=['562', '563']
2026-07-21 20:07:04  DEBUG      intersection L at (87719.742, -257421.326) walls=['563', '564']
2026-07-21 20:07:04  DEBUG      intersection L at (87919.376, -255821.211) walls=['565', '568']
2026-07-21 20:07:04  DEBUG      intersection L at (87919.194, -255021.211) walls=['565', '247E']
2026-07-21 20:07:04  DEBUG      intersection L at (87719.148, -254821.257) walls=['566', '567']
2026-07-21 20:07:04  DEBUG      intersection L at (87919.148, -254821.211) walls=['566', '247F']
2026-07-21 20:07:04  DEBUG      intersection L at (87719.376, -255821.257) walls=['567', '568']
2026-07-21 20:07:04  DEBUG      intersection L at (81420.475, -260622.696) walls=['573', '574']
2026-07-21 20:07:04  DEBUG      intersection L at (81421.023, -263022.696) walls=['573', '576']
2026-07-21 20:07:04  DEBUG      intersection L at (81220.475, -260622.742) walls=['574', '575']
2026-07-21 20:07:04  DEBUG      intersection L at (81217.939, -249522.742) walls=['93E', '93F']
2026-07-21 20:07:04  DEBUG      intersection L at (80317.939, -249522.948) walls=['93E', '941']
2026-07-21 20:07:04  DEBUG      intersection L at (81217.893, -249322.742) walls=['93F', '940']
2026-07-21 20:07:04  DEBUG      intersection L at (80517.893, -249322.902) walls=['940', '1BA4']
2026-07-21 20:07:04  DEBUG      intersection L at (80317.893, -249322.948) walls=['941', '1BA6']
2026-07-21 20:07:04  DEBUG      intersection L at (82517.939, -249522.445) walls=['942', '944']
2026-07-21 20:07:04  DEBUG      intersection L at (82517.893, -249322.445) walls=['943', '944']
2026-07-21 20:07:04  DEBUG      intersection L at (92517.311, -251711.961) walls=['94B', '71D1']
2026-07-21 20:07:04  DEBUG      intersection L at (92317.890, -251711.961) walls=['94D', '71D2']
2026-07-21 20:07:04  DEBUG      intersection L at (96758.829, -256919.191) walls=['95B', '9A8']
2026-07-21 20:07:04  DEBUG      intersection L at (96804.648, -257004.181) walls=['95C', '9A7']
2026-07-21 20:07:04  DEBUG      intersection L at (132219.064, -254411.089) walls=['990', '991']
2026-07-21 20:07:04  DEBUG      intersection L at (130019.064, -254411.592) walls=['990', '993']
2026-07-21 20:07:04  DEBUG      intersection L at (132219.019, -254211.089) walls=['991', '992']
2026-07-21 20:07:04  DEBUG      intersection L at (130019.018, -254211.592) walls=['992', '993']
2026-07-21 20:07:04  DEBUG      intersection L at (49419.052, -254430.008) walls=['999', '99A']
2026-07-21 20:07:04  DEBUG      intersection L at (47219.052, -254430.511) walls=['999', '99C']
2026-07-21 20:07:04  DEBUG      intersection L at (49419.006, -254230.008) walls=['99A', '99B']
2026-07-21 20:07:04  DEBUG      intersection L at (47219.006, -254230.511) walls=['99B', '99C']
2026-07-21 20:07:04  DEBUG      intersection L at (97319.640, -256961.563) walls=['9A7', '9A8']
2026-07-21 20:07:04  DEBUG      intersection L at (97319.265, -255319.063) walls=['9B8', '9B9']
2026-07-21 20:07:04  DEBUG      intersection L at (97319.196, -255019.063) walls=['9B8', '9BB']
2026-07-21 20:07:04  DEBUG      intersection L at (97519.265, -255319.018) walls=['9B9', '9BA']
2026-07-21 20:07:04  DEBUG      intersection L at (97519.196, -255019.018) walls=['9BA', '9BB']
2026-07-21 20:07:04  DEBUG      intersection L at (97319.562, -256619.063) walls=['9BC', '9C0']
2026-07-21 20:07:04  DEBUG      intersection L at (97320.841, -262219.063) walls=['9BD', '9BE']
2026-07-21 20:07:04  DEBUG      intersection L at (97520.841, -262219.017) walls=['9BE', '9BF']
2026-07-21 20:07:04  DEBUG      intersection L at (97519.562, -256619.018) walls=['9BF', '9C0']
2026-07-21 20:07:04  DEBUG      intersection L at (52519.053, -254429.300) walls=['9CA', '9CB']
2026-07-21 20:07:04  DEBUG      intersection L at (50019.052, -254429.871) walls=['9CA', '9CD']
2026-07-21 20:07:04  DEBUG      intersection L at (52519.008, -254229.300) walls=['9CB', '9CC']
2026-07-21 20:07:04  DEBUG      intersection L at (50019.006, -254229.871) walls=['9CC', '9CD']
2026-07-21 20:07:04  DEBUG      intersection L at (54519.053, -254428.843) walls=['9CE', '9D0']
2026-07-21 20:07:04  DEBUG      intersection L at (54519.007, -254228.843) walls=['9CF', '9D0']
2026-07-21 20:07:04  DEBUG      intersection L at (57319.007, -254228.203) walls=['9CF', '1A23']
2026-07-21 20:07:04  DEBUG      intersection L at (93420.840, -262219.954) walls=['AD9', 'ADA']
2026-07-21 20:07:04  DEBUG      intersection L at (93620.840, -262219.909) walls=['ADA', 'ADB']
2026-07-21 20:07:04  DEBUG      intersection L at (92542.214, -253960.169) walls=['AE2', 'AE3']
2026-07-21 20:07:04  DEBUG      intersection L at (92519.059, -254420.160) walls=['AE2', 'AE5']
2026-07-21 20:07:04  DEBUG      intersection L at (92317.214, -253960.192) walls=['AE3', 'AE4']
2026-07-21 20:07:04  DEBUG      intersection L at (92319.059, -254420.206) walls=['AE4', 'AE5']
2026-07-21 20:07:04  DEBUG      intersection L at (89561.082, -248692.002) walls=['AF2', 'B12']
2026-07-21 20:07:04  DEBUG      intersection L at (90075.027, -247720.718) walls=['B03', 'B05']
2026-07-21 20:07:04  DEBUG      intersection L at (94499.503, -253696.467) walls=['B1D', 'B1F']
2026-07-21 20:07:04  DEBUG      intersection L at (94499.503, -251961.961) walls=['B1D', '71CF']
2026-07-21 20:07:04  DEBUG      intersection L at (94249.503, -253696.467) walls=['B1E', 'B1F']
2026-07-21 20:07:04  DEBUG      intersection L at (94249.503, -251961.961) walls=['B1E', '71CE']
2026-07-21 20:07:04  DEBUG      intersection L at (129619.201, -255011.683) walls=['D10', 'D11']
2026-07-21 20:07:04  DEBUG      intersection L at (129620.846, -262211.683) walls=['D10', 'D13']
2026-07-21 20:07:04  DEBUG      intersection L at (129419.201, -255011.729) walls=['D11', 'D12']
2026-07-21 20:07:04  DEBUG      intersection L at (129420.846, -262211.729) walls=['D12', 'D13']
2026-07-21 20:07:04  DEBUG      intersection L at (132819.201, -261903.451) walls=['D43', 'D44']
2026-07-21 20:07:04  DEBUG      intersection L at (132776.701, -262210.971) walls=['D43', 'D48']
2026-07-21 20:07:04  DEBUG      intersection L at (132819.201, -260418.451) walls=['D44', 'D45']
2026-07-21 20:07:04  DEBUG      intersection L at (132819.201, -256639.285) walls=['D45', 'D46']
2026-07-21 20:07:04  DEBUG      intersection L at (132740.701, -256610.970) walls=['D46', 'D48']
2026-07-21 20:07:04  DEBUG      intersection L at (132776.701, -255010.971) walls=['D4A', 'D4C']
2026-07-21 20:07:04  DEBUG      intersection L at (132819.201, -255282.619) walls=['D4A', 'D4E']
2026-07-21 20:07:04  DEBUG      intersection L at (132742.868, -255310.969) walls=['D4C', 'D4E']
2026-07-21 20:07:04  DEBUG      intersection L at (80518.757, -253102.902) walls=['E89', 'E8A']
2026-07-21 20:07:04  DEBUG      intersection L at (80318.757, -253102.948) walls=['E8A', 'E8B']
2026-07-21 20:07:04  DEBUG      intersection L at (122618.815, -253328.283) walls=['1A34', '1A35']
2026-07-21 20:07:04  DEBUG      intersection L at (122619.017, -254213.283) walls=['1A34', '1A37']
2026-07-21 20:07:04  DEBUG      intersection L at (122418.809, -253303.328) walls=['1A35', '1A36']
2026-07-21 20:07:04  DEBUG      intersection L at (122419.017, -254213.328) walls=['1A36', '1A37']
2026-07-21 20:07:04  DEBUG      intersection L at (122617.532, -247713.283) walls=['1A38', '1A39']
2026-07-21 20:07:04  DEBUG      intersection L at (122584.164, -248290.790) walls=['1A38', '1A3B']
2026-07-21 20:07:04  DEBUG      intersection L at (122417.532, -247713.328) walls=['1A39', '1A3A']
2026-07-21 20:07:04  DEBUG      intersection L at (122417.667, -248303.328) walls=['1A3A', '1A3B']
2026-07-21 20:07:04  DEBUG      intersection L at (46663.334, -262427.443) walls=['1A66', '1A69']
2026-07-21 20:07:04  DEBUG      intersection L at (46659.001, -261880.637) walls=['1A66', '1A79']
2026-07-21 20:07:04  DEBUG      intersection L at (46620.834, -261965.646) walls=['1A69', '1B5F']
2026-07-21 20:07:04  DEBUG      intersection L at (46659.001, -260480.637) walls=['1A6B', '1A79']
2026-07-21 20:07:04  DEBUG      intersection L at (46666.634, -256630.637) walls=['1A6B', '1ACF']
2026-07-21 20:07:04  DEBUG      intersection L at (46620.834, -256715.647) walls=['1A6E', '1AD1']
2026-07-21 20:07:04  DEBUG      intersection L at (46620.834, -260395.646) walls=['1A6E', '1B67']
2026-07-21 20:07:04  DEBUG      intersection L at (46663.334, -254927.443) walls=['1A71', '1A73']
2026-07-21 20:07:04  DEBUG      intersection L at (46666.634, -255330.637) walls=['1A71', '1AC2']
2026-07-21 20:07:04  DEBUG      intersection L at (46620.834, -255245.647) walls=['1A73', '1AC0']
2026-07-21 20:07:04  DEBUG      intersection L at (100819.013, -254218.264) walls=['1A86', '1A87']
2026-07-21 20:07:04  DEBUG      intersection L at (101869.014, -254218.024) walls=['1A86', '1A97']
2026-07-21 20:07:04  DEBUG      intersection L at (100819.059, -254418.264) walls=['1A87', '1A88']
2026-07-21 20:07:04  DEBUG      intersection L at (102069.060, -254417.978) walls=['1A88', '1A89']
2026-07-21 20:07:04  DEBUG      intersection L at (102069.014, -254217.978) walls=['1A89', '1A94']
2026-07-21 20:07:04  DEBUG      intersection L at (98119.013, -254218.881) walls=['1A8A', '1A8B']
2026-07-21 20:07:04  DEBUG      intersection L at (98919.013, -254218.698) walls=['1A8A', '1A8D']
2026-07-21 20:07:04  DEBUG      intersection L at (98119.059, -254418.881) walls=['1A8B', '1A8C']
2026-07-21 20:07:04  DEBUG      intersection L at (98919.059, -254418.698) walls=['1A8C', '1A8D']
2026-07-21 20:07:04  DEBUG      intersection L at (101868.441, -251709.069) walls=['1A96', '4431']
2026-07-21 20:07:04  DEBUG      intersection L at (101868.486, -251909.069) walls=['1A97', '4430']
2026-07-21 20:07:04  DEBUG      intersection L at (46420.764, -261923.192) walls=['1B5D', '1B5F']
2026-07-21 20:07:04  DEBUG      intersection L at (46420.425, -260438.192) walls=['1B67', '1B69']
2026-07-21 20:07:04  DEBUG      intersection L at (65319.009, -254226.375) walls=['1B90', '1B91']
2026-07-21 20:07:04  DEBUG      intersection L at (65321.019, -263026.375) walls=['1B90', '1B93']
2026-07-21 20:07:04  DEBUG      intersection L at (65119.009, -254226.421) walls=['1B91', '1B92']
2026-07-21 20:07:04  DEBUG      intersection L at (71019.195, -255025.073) walls=['1B9A', '1B9B']
2026-07-21 20:07:04  DEBUG      intersection L at (71020.841, -262225.072) walls=['1B9A', '1B9D']
2026-07-21 20:07:04  DEBUG      intersection L at (70819.195, -255025.118) walls=['1B9B', '1B9C']
2026-07-21 20:07:04  DEBUG      intersection L at (70820.841, -262225.118) walls=['1B9C', '1B9D']
2026-07-21 20:07:04  DEBUG      intersection L at (80517.344, -246922.902) walls=['1BA4', '1BA5']
2026-07-21 20:07:04  DEBUG      intersection L at (80317.345, -246922.948) walls=['1BA5', '1BA6']
2026-07-21 20:07:04  DEBUG      intersection L at (81419.721, -257322.696) walls=['1BAD', '1BAF']
2026-07-21 20:07:04  DEBUG      intersection L at (81219.721, -257322.742) walls=['1BAE', '1BAF']
2026-07-21 20:07:04  DEBUG      intersection L at (90119.195, -255020.708) walls=['2485', '2487']
2026-07-21 20:07:04  DEBUG      intersection L at (90119.149, -254820.708) walls=['2486', '2487']
2026-07-21 20:07:04  DEBUG      intersection L at (90120.886, -262420.708) walls=['419F', '41A1']
2026-07-21 20:07:04  DEBUG      intersection L at (90120.840, -262220.708) walls=['41A0', '41A1']
2026-07-21 20:07:04  DEBUG      intersection L at (97309.503, -253693.070) walls=['441F', '7372']
2026-07-21 20:07:04  DEBUG      intersection L at (97319.258, -253945.258) walls=['4420', '7366']
2026-07-21 20:07:04  DEBUG      intersection L at (92565.472, -251961.961) walls=['4426', '71CE']
2026-07-21 20:07:04  DEBUG      intersection L at (92316.970, -251961.961) walls=['4428', '71D2']
2026-07-21 20:07:04  DEBUG      intersection L at (97568.635, -251909.069) walls=['4430', '4432']
2026-07-21 20:07:04  DEBUG      intersection L at (97564.069, -251710.445) walls=['4431', '4432']
2026-07-21 20:07:04  DEBUG      intersection L at (96419.503, -251712.501) walls=['71D1', '737B']
2026-07-21 20:07:04  DEBUG      intersection L at (97329.013, -254215.853) walls=['7366', '7367']
2026-07-21 20:07:04  DEBUG      intersection L at (97529.013, -254215.853) walls=['7367', '7368']
2026-07-21 20:07:04  DEBUG      intersection L at (97544.258, -253947.445) walls=['7368', '7369']
2026-07-21 20:07:04  DEBUG      intersection L at (97309.503, -251712.329) walls=['7370', '737B']
2026-07-21 20:07:04  DEBUG      intersection L at (97309.503, -251962.838) walls=['7372', '737C']
2026-07-21 20:07:04  INFO     Found 448 intersections: L=437, T=4, X=7
2026-07-21 20:07:04  INFO     --- Step 3: build_joints ---
2026-07-21 20:07:04  DEBUG      T-junction trimmed: walls=['303', '1B76'] at (133020.776, -261903.405)
2026-07-21 20:07:04  DEBUG      T-junction trimmed: walls=['3DB', '573'] at (81421.023, -263022.696)
2026-07-21 20:07:04  DEBUG      T-junction trimmed: walls=['3DB', '575'] at (81221.023, -263022.742)
2026-07-21 20:07:04  DEBUG      T-junction trimmed: walls=['3E3', '55F'] at (87721.022, -263021.257)
2026-07-21 20:07:04  DEBUG      X-junction split: walls=['3E3', '560'] at (87846.833, -263021.228)
2026-07-21 20:07:04  DEBUG      X-junction split: walls=['4B7', '4D8'] at (91159.596, -248770.299)
2026-07-21 20:07:04  DEBUG      X-junction split: walls=['4BA', '4D8'] at (91164.588, -248752.670)
2026-07-21 20:07:04  DEBUG      X-junction split: walls=['4BA', '4E3'] at (91121.495, -248751.284)
2026-07-21 20:07:04  DEBUG      X-junction split: walls=['4BB', '4C5'] at (91312.751, -248692.522)
2026-07-21 20:07:04  DEBUG      X-junction split: walls=['4BD', 'B05'] at (90101.827, -248657.006)
2026-07-21 20:07:04  DEBUG      X-junction split: walls=['4BE', 'B05'] at (90101.824, -248656.897)
2026-07-21 20:07:04  INFO     Joint building complete: 759 walls -> 776 (splits created: 28)
2026-07-21 20:07:04  INFO     --- Step 4: offset_to_footprint ---
2026-07-21 20:07:04  WARNING  Wall 296 produced invalid/empty footprint, kept centerline only
2026-07-21 20:07:04  WARNING  Wall 297 produced invalid/empty footprint, kept centerline only
2026-07-21 20:07:04  WARNING  Wall 29B produced invalid/empty footprint, kept centerline only
2026-07-21 20:07:04  WARNING  Wall 29E produced invalid/empty footprint, kept centerline only
2026-07-21 20:07:04  WARNING  Wall 2A1 produced invalid/empty footprint, kept centerline only
2026-07-21 20:07:04  WARNING  Wall 2A4 produced invalid/empty footprint, kept centerline only
2026-07-21 20:07:04  WARNING  Wall 2A7 produced invalid/empty footprint, kept centerline only
2026-07-21 20:07:04  WARNING  Wall 2AA produced invalid/empty footprint, kept centerline only
2026-07-21 20:07:04  WARNING  Wall 2AC produced invalid/empty footprint, kept centerline only
2026-07-21 20:07:04  WARNING  Wall 2B0 produced invalid/empty footprint, kept centerline only
2026-07-21 20:07:04  WARNING  Wall 2B3 produced invalid/empty footprint, kept centerline only
2026-07-21 20:07:04  WARNING  Wall 2B6 produced invalid/empty footprint, kept centerline only
2026-07-21 20:07:04  WARNING  Wall 2B9 produced invalid/empty footprint, kept centerline only
2026-07-21 20:07:04  WARNING  Wall 2BC produced invalid/empty footprint, kept centerline only
2026-07-21 20:07:04  WARNING  Wall 2BF produced invalid/empty footprint, kept centerline only
2026-07-21 20:07:04  WARNING  Wall 2C2 produced invalid/empty footprint, kept centerline only
2026-07-21 20:07:04  WARNING  Wall 2C5 produced invalid/empty footprint, kept centerline only
2026-07-21 20:07:04  WARNING  Wall 2C8 produced invalid/empty footprint, kept centerline only
2026-07-21 20:07:04  WARNING  Wall 2CB produced invalid/empty footprint, kept centerline only
2026-07-21 20:07:04  WARNING  Wall 2CE produced invalid/empty footprint, kept centerline only
2026-07-21 20:07:04  WARNING  Wall 2D1 produced invalid/empty footprint, kept centerline only
2026-07-21 20:07:04  WARNING  Wall 2D4 produced invalid/empty footprint, kept centerline only
2026-07-21 20:07:04  WARNING  Wall 2D7 produced invalid/empty footprint, kept centerline only
2026-07-21 20:07:04  WARNING  Wall 2DA produced invalid/empty footprint, kept centerline only
2026-07-21 20:07:04  WARNING  Wall 2DD produced invalid/empty footprint, kept centerline only
2026-07-21 20:07:04  WARNING  Wall 346 produced invalid/empty footprint, kept centerline only
2026-07-21 20:07:04  WARNING  Wall 423 produced invalid/empty footprint, kept centerline only
2026-07-21 20:07:04  WARNING  Wall 426 produced invalid/empty footprint, kept centerline only
2026-07-21 20:07:04  WARNING  Wall 429 produced invalid/empty footprint, kept centerline only
2026-07-21 20:07:04  WARNING  Wall 42C produced invalid/empty footprint, kept centerline only
2026-07-21 20:07:04  WARNING  Wall 42F produced invalid/empty footprint, kept centerline only
2026-07-21 20:07:04  WARNING  Wall 432 produced invalid/empty footprint, kept centerline only
2026-07-21 20:07:04  WARNING  Wall 434 produced invalid/empty footprint, kept centerline only
2026-07-21 20:07:04  WARNING  Wall 437 produced invalid/empty footprint, kept centerline only
2026-07-21 20:07:04  WARNING  Wall 43B produced invalid/empty footprint, kept centerline only
2026-07-21 20:07:04  WARNING  Wall 43E produced invalid/empty footprint, kept centerline only
2026-07-21 20:07:04  WARNING  Wall 441 produced invalid/empty footprint, kept centerline only
2026-07-21 20:07:04  WARNING  Wall 444 produced invalid/empty footprint, kept centerline only
2026-07-21 20:07:04  WARNING  Wall 482 produced invalid/empty footprint, kept centerline only
2026-07-21 20:07:04  WARNING  Wall 484 produced invalid/empty footprint, kept centerline only
2026-07-21 20:07:04  WARNING  Wall 4B8 produced invalid/empty footprint, kept centerline only
2026-07-21 20:07:04  WARNING  Wall 4C2 produced invalid/empty footprint, kept centerline only
2026-07-21 20:07:04  WARNING  Wall 4C3 produced invalid/empty footprint, kept centerline only
2026-07-21 20:07:04  WARNING  Wall 4C4 produced invalid/empty footprint, kept centerline only
2026-07-21 20:07:04  WARNING  Wall 4C8 produced invalid/empty footprint, kept centerline only
2026-07-21 20:07:04  WARNING  Wall 4C9 produced invalid/empty footprint, kept centerline only
2026-07-21 20:07:04  WARNING  Wall 4CE produced invalid/empty footprint, kept centerline only
2026-07-21 20:07:04  WARNING  Wall 4CF produced invalid/empty footprint, kept centerline only
2026-07-21 20:07:04  WARNING  Wall 4DC produced invalid/empty footprint, kept centerline only
2026-07-21 20:07:04  WARNING  Wall 4DD produced invalid/empty footprint, kept centerline only
2026-07-21 20:07:04  WARNING  Wall 4E0 produced invalid/empty footprint, kept centerline only
2026-07-21 20:07:04  WARNING  Wall 4EC produced invalid/empty footprint, kept centerline only
2026-07-21 20:07:04  WARNING  Wall 4ED produced invalid/empty footprint, kept centerline only
2026-07-21 20:07:04  WARNING  Wall 4EF produced invalid/empty footprint, kept centerline only
2026-07-21 20:07:04  WARNING  Wall 4F0 produced invalid/empty footprint, kept centerline only
2026-07-21 20:07:04  WARNING  Wall 4F3 produced invalid/empty footprint, kept centerline only
2026-07-21 20:07:04  WARNING  Wall 52B produced invalid/empty footprint, kept centerline only
2026-07-21 20:07:04  WARNING  Wall 52C produced invalid/empty footprint, kept centerline only
2026-07-21 20:07:04  WARNING  Wall 52D produced invalid/empty footprint, kept centerline only
2026-07-21 20:07:04  WARNING  Wall 52E produced invalid/empty footprint, kept centerline only
2026-07-21 20:07:04  WARNING  Wall 53D produced invalid/empty footprint, kept centerline only
2026-07-21 20:07:04  WARNING  Wall 94E produced invalid/empty footprint, kept centerline only
2026-07-21 20:07:04  WARNING  Wall 95D produced invalid/empty footprint, kept centerline only
2026-07-21 20:07:04  WARNING  Wall 95E produced invalid/empty footprint, kept centerline only
2026-07-21 20:07:04  WARNING  Wall AF4 produced invalid/empty footprint, kept centerline only
2026-07-21 20:07:04  WARNING  Wall B06 produced invalid/empty footprint, kept centerline only
2026-07-21 20:07:04  WARNING  Wall D21 produced invalid/empty footprint, kept centerline only
2026-07-21 20:07:04  WARNING  Wall D23 produced invalid/empty footprint, kept centerline only
2026-07-21 20:07:04  WARNING  Wall D47 produced invalid/empty footprint, kept centerline only
2026-07-21 20:07:04  WARNING  Wall D49 produced invalid/empty footprint, kept centerline only
2026-07-21 20:07:04  WARNING  Wall D4B produced invalid/empty footprint, kept centerline only
2026-07-21 20:07:04  WARNING  Wall D4D produced invalid/empty footprint, kept centerline only
2026-07-21 20:07:04  WARNING  Wall 1A3C produced invalid/empty footprint, kept centerline only
2026-07-21 20:07:04  WARNING  Wall 1A67 produced invalid/empty footprint, kept centerline only
2026-07-21 20:07:04  WARNING  Wall 1A68 produced invalid/empty footprint, kept centerline only
2026-07-21 20:07:04  WARNING  Wall 1A6A produced invalid/empty footprint, kept centerline only
2026-07-21 20:07:04  WARNING  Wall 1A6C produced invalid/empty footprint, kept centerline only
2026-07-21 20:07:04  WARNING  Wall 1A6D produced invalid/empty footprint, kept centerline only
2026-07-21 20:07:04  WARNING  Wall 1A6F produced invalid/empty footprint, kept centerline only
2026-07-21 20:07:04  WARNING  Wall 1A70 produced invalid/empty footprint, kept centerline only
2026-07-21 20:07:04  WARNING  Wall 1A72 produced invalid/empty footprint, kept centerline only
2026-07-21 20:07:04  WARNING  Wall 1A74 produced invalid/empty footprint, kept centerline only
2026-07-21 20:07:04  WARNING  Wall 1A75 produced invalid/empty footprint, kept centerline only
2026-07-21 20:07:04  WARNING  Wall 1A7A produced invalid/empty footprint, kept centerline only
2026-07-21 20:07:04  WARNING  Wall 1A7B produced invalid/empty footprint, kept centerline only
2026-07-21 20:07:04  WARNING  Wall 1AA3 produced invalid/empty footprint, kept centerline only
2026-07-21 20:07:04  WARNING  Wall 1AB2 produced invalid/empty footprint, kept centerline only
2026-07-21 20:07:04  WARNING  Wall 1AC1 produced invalid/empty footprint, kept centerline only
2026-07-21 20:07:04  WARNING  Wall 1AD0 produced invalid/empty footprint, kept centerline only
2026-07-21 20:07:04  WARNING  Wall 1B5E produced invalid/empty footprint, kept centerline only
2026-07-21 20:07:04  WARNING  Wall 1B68 produced invalid/empty footprint, kept centerline only
2026-07-21 20:07:04  WARNING  Wall 1B77 produced invalid/empty footprint, kept centerline only
2026-07-21 20:07:04  WARNING  Wall 1B86 produced invalid/empty footprint, kept centerline only
2026-07-21 20:07:04  WARNING  Wall 4427 produced invalid/empty footprint, kept centerline only
2026-07-21 20:07:04  WARNING  Wall 71D0 produced invalid/empty footprint, kept centerline only
2026-07-21 20:07:04  WARNING  Wall 7371 produced invalid/empty footprint, kept centerline only
2026-07-21 20:07:04  WARNING  Wall 7373 produced invalid/empty footprint, kept centerline only
2026-07-21 20:07:04  INFO     Footprint offset complete: 679 OK, 97 unclosable
2026-07-21 20:07:04  WARNING  Unclosable wall IDs: 296, 297, 29B, 29E, 2A1, 2A4, 2A7, 2AA, 2AC, 2B0, 2B3, 2B6, 2B9, 2BC, 2BF, 2C2, 2C5, 2C8, 2CB, 2CE, 2D1, 2D4, 2D7, 2DA, 2DD, 346, 423, 426, 429, 42C, 42F, 432, 434, 437, 43B, 43E, 441, 444, 482, 484, 4B8, 4C2, 4C3, 4C4, 4C8, 4C9, 4CE, 4CF, 4DC, 4DD, 4E0, 4EC, 4ED, 4EF, 4F0, 4F3, 52B, 52C, 52D, 52E, 53D, 94E, 95D, 95E, AF4, B06, D21, D23, D47, D49, D4B, D4D, 1A3C, 1A67, 1A68, 1A6A, 1A6C, 1A6D, 1A6F, 1A70, 1A72, 1A74, 1A75, 1A7A, 1A7B, 1AA3, 1AB2, 1AC1, 1AD0, 1B5E, 1B68, 1B77, 1B86, 4427, 71D0, 7371, 7373
2026-07-21 20:07:04  INFO     === reconstruct_walls finished ===
2026-07-21 20:07:04  INFO     Output written to data\output.json
2026-07-21 20:07:04  INFO     Log written to data\reconstruct_walls.log
